week,repo,pr_type,merged_prs,escaped_prs,severe_prs,unjudged_candidates,escaped_fix_rate
2026-05-11,fullsend,all,53,4,1,9,0.0755
2026-05-11,fullsend,chore,2,0,0,0,0.0000
2026-05-11,fullsend,docs,8,0,0,0,0.0000
2026-05-11,fullsend,feat,18,2,1,5,0.1111
2026-05-11,fullsend,fix,23,2,0,4,0.0870
2026-05-11,fullsend,other,2,0,0,0,0.0000
2026-05-18,fullsend,all,45,2,0,7,0.0444
2026-05-18,fullsend,chore,2,0,0,0,0.0000
2026-05-18,fullsend,ci,1,0,0,0,0.0000
2026-05-18,fullsend,docs,6,0,0,2,0.0000
2026-05-18,fullsend,feat,11,0,0,2,0.0000
2026-05-18,fullsend,fix,22,2,0,2,0.0909
2026-05-18,fullsend,other,3,0,0,1,0.0000
2026-05-25,fullsend,all,70,3,1,6,0.0429
2026-05-25,fullsend,chore,2,0,0,0,0.0000
2026-05-25,fullsend,ci,1,0,0,0,0.0000
2026-05-25,fullsend,docs,18,0,0,0,0.0000
2026-05-25,fullsend,feat,15,0,0,3,0.0000
2026-05-25,fullsend,fix,30,3,1,2,0.1000
2026-05-25,fullsend,other,4,0,0,1,0.0000
2026-06-01,fullsend,all,70,4,2,13,0.0571
2026-06-01,fullsend,chore,3,0,0,0,0.0000
2026-06-01,fullsend,ci,3,0,0,1,0.0000
2026-06-01,fullsend,docs,7,0,0,0,0.0000
2026-06-01,fullsend,feat,18,2,1,7,0.1111
2026-06-01,fullsend,fix,38,2,1,5,0.0526
2026-06-01,fullsend,other,1,0,0,0,0.0000
2026-06-08,fullsend,all,95,7,0,18,0.0737
2026-06-08,fullsend,chore,7,1,0,1,0.1429
2026-06-08,fullsend,ci,3,0,0,1,0.0000
2026-06-08,fullsend,docs,14,0,0,1,0.0000
2026-06-08,fullsend,feat,29,3,0,8,0.1034
2026-06-08,fullsend,fix,36,3,0,7,0.0833
2026-06-08,fullsend,other,3,0,0,0,0.0000
2026-06-08,fullsend,perf,2,0,0,0,0.0000
2026-06-08,fullsend,test,1,0,0,0,0.0000
2026-06-15,fullsend,all,66,2,0,6,0.0303
2026-06-15,fullsend,chore,3,0,0,0,0.0000
2026-06-15,fullsend,ci,3,0,0,0,0.0000
2026-06-15,fullsend,docs,12,0,0,3,0.0000
2026-06-15,fullsend,feat,18,0,0,2,0.0000
2026-06-15,fullsend,fix,24,2,0,1,0.0833
2026-06-15,fullsend,other,5,0,0,0,0.0000
2026-06-15,fullsend,test,1,0,0,0,0.0000
2026-06-22,agents,all,2,0,0,0,0.0000
2026-06-22,agents,chore,1,0,0,0,0.0000
2026-06-22,agents,fix,1,0,0,0,0.0000
2026-06-22,fullsend,all,73,7,2,22,0.0959
2026-06-22,fullsend,chore,12,2,0,1,0.1667
2026-06-22,fullsend,ci,3,0,0,1,0.0000
2026-06-22,fullsend,docs,9,0,0,3,0.0000
2026-06-22,fullsend,feat,16,4,2,7,0.2500
2026-06-22,fullsend,fix,29,1,0,5,0.0345
2026-06-22,fullsend,other,4,0,0,5,0.0000
2026-06-29,agents,all,8,1,1,7,0.1250
2026-06-29,agents,chore,1,0,0,0,0.0000
2026-06-29,agents,docs,1,0,0,1,0.0000
2026-06-29,agents,feat,3,1,1,6,0.3333
2026-06-29,agents,other,3,0,0,0,0.0000
2026-06-29,fullsend,all,92,4,1,16,0.0435
2026-06-29,fullsend,chore,15,0,0,0,0.0000
2026-06-29,fullsend,ci,2,0,0,0,0.0000
2026-06-29,fullsend,docs,15,0,0,3,0.0000
2026-06-29,fullsend,feat,19,2,0,10,0.1053
2026-06-29,fullsend,fix,32,2,1,2,0.0625
2026-06-29,fullsend,other,7,0,0,0,0.0000
2026-06-29,fullsend,perf,1,0,0,1,0.0000
2026-06-29,fullsend,test,1,0,0,0,0.0000
2026-07-06,agents,all,27,4,0,7,0.1481
2026-07-06,agents,chore,3,0,0,1,0.0000
2026-07-06,agents,ci,7,0,0,1,0.0000
2026-07-06,agents,docs,3,0,0,0,0.0000
2026-07-06,agents,feat,3,1,0,2,0.3333
2026-07-06,agents,fix,11,3,0,3,0.2727
2026-07-06,fullsend,all,59,3,1,11,0.0508
2026-07-06,fullsend,chore,15,0,0,0,0.0000
2026-07-06,fullsend,ci,4,0,0,4,0.0000
2026-07-06,fullsend,docs,12,1,0,1,0.0833
2026-07-06,fullsend,feat,10,1,1,4,0.1000
2026-07-06,fullsend,fix,13,1,0,1,0.0769
2026-07-06,fullsend,other,3,0,0,1,0.0000
2026-07-06,fullsend,perf,2,0,0,0,0.0000
2026-07-13,agents,all,22,4,1,1,0.1818
2026-07-13,agents,chore,3,0,0,0,0.0000
2026-07-13,agents,ci,1,1,1,0,1.0000
2026-07-13,agents,docs,2,0,0,0,0.0000
2026-07-13,agents,feat,3,0,0,0,0.0000
2026-07-13,agents,fix,12,2,0,1,0.1667
2026-07-13,agents,perf,1,1,0,0,1.0000
2026-07-13,fullsend,all,56,6,1,13,0.1071
2026-07-13,fullsend,chore,16,2,1,0,0.1250
2026-07-13,fullsend,ci,1,0,0,2,0.0000
2026-07-13,fullsend,docs,12,1,0,0,0.0833
2026-07-13,fullsend,feat,7,1,0,8,0.1429
2026-07-13,fullsend,fix,11,2,0,3,0.1818
2026-07-13,fullsend,other,5,0,0,0,0.0000
2026-07-13,fullsend,test,4,0,0,0,0.0000
2026-07-20,agents,all,22,1,0,2,0.0455
2026-07-20,agents,chore,1,0,0,0,0.0000
2026-07-20,agents,docs,4,0,0,1,0.0000
2026-07-20,agents,feat,3,0,0,0,0.0000
2026-07-20,agents,fix,11,0,0,0,0.0000
2026-07-20,agents,perf,1,0,0,0,0.0000
2026-07-20,agents,test,2,1,0,1,0.5000
2026-07-20,fullsend,all,98,2,1,17,0.0204
2026-07-20,fullsend,chore,15,1,1,0,0.0667
2026-07-20,fullsend,ci,7,0,0,4,0.0000
2026-07-20,fullsend,docs,25,1,0,3,0.0400
2026-07-20,fullsend,feat,16,0,0,7,0.0000
2026-07-20,fullsend,fix,25,0,0,1,0.0000
2026-07-20,fullsend,other,4,0,0,0,0.0000
2026-07-20,fullsend,test,6,0,0,2,0.0000
2026-07-27,agents,all,22,1,0,1,0.0455
2026-07-27,agents,chore,1,0,0,0,0.0000
2026-07-27,agents,docs,7,0,0,0,0.0000
2026-07-27,agents,feat,4,0,0,0,0.0000
2026-07-27,agents,fix,9,1,0,1,0.1111
2026-07-27,agents,test,1,0,0,0,0.0000
2026-07-27,fullsend,all,84,6,2,23,0.0714
2026-07-27,fullsend,chore,12,0,0,0,0.0000
2026-07-27,fullsend,ci,3,1,1,0,0.3333
2026-07-27,fullsend,docs,19,0,0,3,0.0000
2026-07-27,fullsend,feat,13,2,0,8,0.1538
2026-07-27,fullsend,fix,21,2,1,5,0.0952
2026-07-27,fullsend,other,7,1,0,4,0.1429
2026-07-27,fullsend,perf,1,0,0,1,0.0000
2026-07-27,fullsend,test,8,0,0,2,0.0000
2026-08-03,agents,all,17,0,0,2,0.0000
2026-08-03,agents,chore,2,0,0,0,0.0000
2026-08-03,agents,ci,2,0,0,0,0.0000
2026-08-03,agents,docs,2,0,0,0,0.0000
2026-08-03,agents,feat,2,0,0,1,0.0000
2026-08-03,agents,fix,8,0,0,1,0.0000
2026-08-03,agents,other,1,0,0,0,0.0000
2026-08-03,fullsend,all,78,3,0,15,0.0385
2026-08-03,fullsend,chore,22,0,0,2,0.0000
2026-08-03,fullsend,ci,3,0,0,0,0.0000
2026-08-03,fullsend,docs,15,0,0,2,0.0000
2026-08-03,fullsend,feat,17,2,0,7,0.1176
2026-08-03,fullsend,fix,18,1,0,4,0.0556
2026-08-03,fullsend,other,1,0,0,0,0.0000
2026-08-03,fullsend,test,2,0,0,0,0.0000
2026-08-10,agents,all,18,1,0,8,0.0556
2026-08-10,agents,docs,10,0,0,4,0.0000
2026-08-10,agents,feat,5,1,0,4,0.2000
2026-08-10,agents,fix,3,0,0,0,0.0000
2026-08-10,fullsend,all,76,2,2,29,0.0263
2026-08-10,fullsend,chore,7,0,0,1,0.0000
2026-08-10,fullsend,ci,10,1,1,7,0.1000
2026-08-10,fullsend,docs,7,0,0,1,0.0000
2026-08-10,fullsend,feat,24,1,1,11,0.0417
2026-08-10,fullsend,fix,18,0,0,2,0.0000
2026-08-10,fullsend,other,4,0,0,4,0.0000
2026-08-10,fullsend,perf,2,0,0,3,0.0000
2026-08-10,fullsend,test,4,0,0,0,0.0000
2026-08-17,agents,all,30,5,0,8,0.1667
2026-08-17,agents,chore,6,0,0,0,0.0000
2026-08-17,agents,ci,1,0,0,0,0.0000
2026-08-17,agents,docs,1,0,0,0,0.0000
2026-08-17,agents,feat,12,2,0,6,0.1667
2026-08-17,agents,fix,9,2,0,2,0.2222
2026-08-17,agents,other,1,1,0,0,1.0000
2026-08-17,fullsend,all,110,7,1,28,0.0636
2026-08-17,fullsend,chore,23,0,0,0,0.0000
2026-08-17,fullsend,ci,4,0,0,1,0.0000
2026-08-17,fullsend,docs,18,0,0,4,0.0000
2026-08-17,fullsend,feat,15,3,0,11,0.2000
2026-08-17,fullsend,fix,42,3,1,6,0.0714
2026-08-17,fullsend,other,6,0,0,6,0.0000
2026-08-17,fullsend,perf,1,1,0,0,1.0000
2026-08-17,fullsend,test,1,0,0,0,0.0000
2026-08-24,agents,all,12,2,1,1,0.1667
2026-08-24,agents,chore,3,0,0,1,0.0000
2026-08-24,agents,feat,2,1,0,0,0.5000
2026-08-24,agents,fix,7,1,1,0,0.1429
2026-08-24,fullsend,all,74,5,1,22,0.0676
2026-08-24,fullsend,chore,14,0,0,0,0.0000
2026-08-24,fullsend,ci,6,0,0,4,0.0000
2026-08-24,fullsend,docs,13,0,0,3,0.0000
2026-08-24,fullsend,feat,10,2,0,8,0.2000
2026-08-24,fullsend,fix,28,3,1,7,0.1071
2026-08-24,fullsend,test,3,0,0,0,0.0000
2026-08-31,agents,all,16,2,1,6,0.1250
2026-08-31,agents,chore,1,0,0,2,0.0000
2026-08-31,agents,ci,1,0,0,0,0.0000
2026-08-31,agents,feat,2,1,1,0,0.5000
2026-08-31,agents,fix,9,1,0,4,0.1111
2026-08-31,agents,other,3,0,0,0,0.0000
2026-08-31,fullsend,all,107,3,0,24,0.0280
2026-08-31,fullsend,chore,22,1,0,3,0.0455
2026-08-31,fullsend,ci,4,0,0,2,0.0000
2026-08-31,fullsend,docs,19,0,0,2,0.0000
2026-08-31,fullsend,feat,17,0,0,7,0.0000
2026-08-31,fullsend,fix,39,2,0,9,0.0513
2026-08-31,fullsend,other,5,0,0,1,0.0000
2026-08-31,fullsend,test,1,0,0,0,0.0000
