fix,original,detected_by,days_between,fix_merged_at,original_merged_at
fullsend#843,fullsend#783,named,3.2,2026-05-14T19:42:32Z,2026-05-11T14:23:39Z
fullsend#843,fullsend#831,named,2.1,2026-05-14T19:42:32Z,2026-05-12T17:22:23Z
fullsend#964,fullsend#783,named,3.8,2026-05-15T10:45:01Z,2026-05-11T14:23:39Z
fullsend#964,fullsend#831,named,2.7,2026-05-15T10:45:01Z,2026-05-12T17:22:23Z
fullsend#964,fullsend#843,named,0.6,2026-05-15T10:45:01Z,2026-05-14T19:42:32Z
fullsend#995,fullsend#967,causal+named,0.6,2026-05-15T13:30:33Z,2026-05-14T23:39:21Z
fullsend#1015,fullsend#1010,named,0.0,2026-05-15T15:52:43Z,2026-05-15T15:40:58Z
fullsend#1015,fullsend#994,named,0.0,2026-05-15T15:52:43Z,2026-05-15T15:13:52Z
fullsend#1015,fullsend#998,named,0.1,2026-05-15T15:52:43Z,2026-05-15T13:47:00Z
fullsend#1045,fullsend#1038,named,0.0,2026-05-15T22:41:59Z,2026-05-15T21:59:27Z
fullsend#1063,fullsend#906,named,0.8,2026-05-17T15:22:10Z,2026-05-16T20:47:41Z
fullsend#1040,fullsend#1035,named,2.7,2026-05-18T14:53:01Z,2026-05-15T22:14:26Z
fullsend#911,fullsend#815,named,5.0,2026-05-19T07:17:19Z,2026-05-14T06:55:25Z
fullsend#1151,fullsend#1087,named,0.5,2026-05-19T10:24:57Z,2026-05-18T23:18:02Z
fullsend#1177,fullsend#1079,causal+named,0.3,2026-05-19T15:30:36Z,2026-05-19T07:52:27Z
fullsend#1177,fullsend#362,causal+named,26.0,2026-05-19T15:30:36Z,2026-04-23T14:46:14Z
fullsend#1177,fullsend#363,causal+named,26.0,2026-05-19T15:30:36Z,2026-04-23T15:47:02Z
fullsend#1029,fullsend#1023,causal+named,3.9,2026-05-19T19:49:01Z,2026-05-15T21:12:44Z
fullsend#1029,fullsend#764,causal+named,4.4,2026-05-19T19:49:01Z,2026-05-15T10:54:20Z
fullsend#665,fullsend#662,named,14.5,2026-05-21T00:35:10Z,2026-05-06T11:57:34Z
fullsend#1257,fullsend#1252,named,0.9,2026-05-21T14:34:30Z,2026-05-20T16:15:57Z
fullsend#1234,fullsend#1151,named,2.2,2026-05-21T14:36:15Z,2026-05-19T10:24:57Z
fullsend#1234,fullsend#974,named,1.9,2026-05-21T14:36:15Z,2026-05-19T15:53:26Z
fullsend#1233,fullsend#1180,named,1.7,2026-05-21T14:40:52Z,2026-05-19T22:38:26Z
fullsend#1167,fullsend#1049,named,5.5,2026-05-21T14:45:01Z,2026-05-16T02:00:25Z
fullsend#1121,fullsend#1119,named,2.6,2026-05-21T14:46:54Z,2026-05-18T23:22:37Z
fullsend#1156,fullsend#1053,named,4.7,2026-05-21T14:48:34Z,2026-05-16T23:00:56Z
fullsend#1307,fullsend#1234,named,0.2,2026-05-21T20:23:49Z,2026-05-21T14:36:15Z
fullsend#1463,fullsend#1388,named,0.0,2026-05-26T08:11:19Z,2026-05-26T07:09:24Z
fullsend#1461,fullsend#911,named,7.0,2026-05-26T08:19:03Z,2026-05-19T07:17:19Z
fullsend#1030,fullsend#1028,causal+named,10.8,2026-05-26T16:21:55Z,2026-05-15T20:30:09Z
fullsend#1030,fullsend#503,causal+named,14.6,2026-05-26T16:21:55Z,2026-05-12T02:08:49Z
fullsend#1030,fullsend#792,causal+named,12.8,2026-05-26T16:21:55Z,2026-05-13T21:40:07Z
fullsend#1311,fullsend#337,named,27.1,2026-05-26T18:27:13Z,2026-04-29T15:04:13Z
fullsend#1215,fullsend#1211,named,6.2,2026-05-26T21:52:42Z,2026-05-20T16:34:07Z
fullsend#1479,fullsend#1308,named,0.9,2026-05-27T06:05:10Z,2026-05-26T07:35:15Z
fullsend#1621,fullsend#1258,named,0.1,2026-05-27T21:46:48Z,2026-05-27T19:04:57Z
fullsend#1621,fullsend#1259,named,0.1,2026-05-27T21:46:48Z,2026-05-27T19:46:55Z
fullsend#1621,fullsend#1261,named,0.1,2026-05-27T21:46:48Z,2026-05-27T19:29:06Z
fullsend#1225,fullsend#1180,causal+named,8.3,2026-05-28T05:58:29Z,2026-05-19T22:38:26Z
fullsend#1231,fullsend#657,causal+named,21.9,2026-05-28T10:51:54Z,2026-05-06T14:13:47Z
fullsend#1673,fullsend#1664,named,0.0,2026-05-28T21:04:21Z,2026-05-28T20:48:44Z
fullsend#1690,fullsend#1677,named,0.0,2026-05-29T15:56:06Z,2026-05-29T15:31:44Z
fullsend#1703,fullsend#1664,causal+named,0.9,2026-05-29T19:28:09Z,2026-05-28T20:48:44Z
fullsend#1723,fullsend#503,named,20.3,2026-06-01T09:24:51Z,2026-05-12T02:08:49Z
fullsend#1669,fullsend#1497,named,3.6,2026-06-01T10:12:05Z,2026-05-28T19:39:25Z
fullsend#1620,fullsend#1261,named,4.7,2026-06-01T12:03:00Z,2026-05-27T19:29:06Z
fullsend#1615,fullsend#1612,named,3.8,2026-06-01T13:31:53Z,2026-05-28T17:13:08Z
fullsend#1614,fullsend#1612,named,3.9,2026-06-01T13:41:41Z,2026-05-28T17:13:08Z
fullsend#1782,fullsend#1550,named,0.9,2026-06-02T15:49:02Z,2026-06-01T18:10:00Z
fullsend#1760,fullsend#1623,named,1.1,2026-06-02T17:36:49Z,2026-06-01T16:20:41Z
fullsend#1802,fullsend#1793,named,0.1,2026-06-02T18:46:11Z,2026-06-02T16:23:05Z
fullsend#1807,fullsend#765,named,21.0,2026-06-02T20:15:37Z,2026-05-12T20:16:03Z
fullsend#1845,fullsend#1664,causal,6.0,2026-06-03T20:58:03Z,2026-05-28T20:48:44Z
fullsend#1861,fullsend#1845,named,0.1,2026-06-03T23:12:03Z,2026-06-03T20:58:03Z
fullsend#1861,fullsend#1846,named,0.1,2026-06-03T23:12:03Z,2026-06-03T21:25:50Z
fullsend#1730,fullsend#1022,causal+named,15.6,2026-06-04T06:52:19Z,2026-05-19T15:57:14Z
fullsend#1806,fullsend#1802,named,1.8,2026-06-04T14:51:22Z,2026-06-02T18:46:11Z
fullsend#1902,fullsend#1550,named,2.9,2026-06-04T16:08:00Z,2026-06-01T18:10:00Z
fullsend#1840,fullsend#1804,named,1.1,2026-06-04T17:42:44Z,2026-06-03T14:21:18Z
fullsend#1912,fullsend#1550,causal+named,3.1,2026-06-04T19:44:41Z,2026-06-01T18:10:00Z
fullsend#1912,fullsend#1652,causal+named,3.6,2026-06-04T19:44:41Z,2026-06-01T06:27:44Z
fullsend#1912,fullsend#1807,causal+named,2.0,2026-06-04T19:44:41Z,2026-06-02T20:15:37Z
fullsend#1912,fullsend#652,causal+named,22.1,2026-06-04T19:44:41Z,2026-05-13T18:02:11Z
fullsend#1796,fullsend#1022,named,16.2,2026-06-04T20:55:52Z,2026-05-19T15:57:14Z
fullsend#1796,fullsend#1187,named,16.2,2026-06-04T20:55:52Z,2026-05-19T16:48:44Z
fullsend#1877,fullsend#1874,causal+named,1.2,2026-06-05T07:00:56Z,2026-06-04T01:33:34Z
fullsend#1944,fullsend#1921,named,0.1,2026-06-05T14:36:02Z,2026-06-05T12:53:36Z
fullsend#1862,fullsend#1074,named,18.0,2026-06-05T14:41:23Z,2026-05-18T14:57:35Z
fullsend#1914,fullsend#1448,named,9.9,2026-06-05T14:49:34Z,2026-05-26T17:33:08Z
fullsend#1915,fullsend#1782,named,3.0,2026-06-05T14:49:34Z,2026-06-02T15:49:02Z
fullsend#1953,fullsend#1448,causal+named,10.0,2026-06-05T16:44:30Z,2026-05-26T17:33:08Z
fullsend#1953,fullsend#1914,causal+named,0.1,2026-06-05T16:44:30Z,2026-06-05T14:49:34Z
fullsend#1917,fullsend#1278,named,1.1,2026-06-05T17:24:08Z,2026-06-04T14:18:18Z
fullsend#1971,fullsend#1278,causal+named,1.4,2026-06-06T01:03:45Z,2026-06-04T14:18:18Z
fullsend#1539,fullsend#1017,named,11.0,2026-06-06T18:50:26Z,2026-05-26T18:36:47Z
fullsend#1531,fullsend#1487,named,12.6,2026-06-08T09:16:55Z,2026-05-26T18:22:15Z
fullsend#2005,fullsend#1531,named,0.0,2026-06-08T09:49:18Z,2026-06-08T09:16:55Z
fullsend#1923,fullsend#1857,named,3.5,2026-06-08T12:59:55Z,2026-06-05T00:05:42Z
fullsend#1959,fullsend#1913,named,2.9,2026-06-08T15:38:19Z,2026-06-05T17:32:10Z
fullsend#1990,fullsend#1016,named,17.8,2026-06-08T15:45:49Z,2026-05-21T20:37:49Z
fullsend#2028,fullsend#1871,named,0.1,2026-06-08T16:33:24Z,2026-06-08T12:59:55Z
fullsend#1940,fullsend#807,named,20.3,2026-06-08T17:59:31Z,2026-05-19T09:41:06Z
fullsend#2035,fullsend#764,named,24.3,2026-06-08T19:12:37Z,2026-05-15T10:54:20Z
fullsend#1812,fullsend#1550,named,7.1,2026-06-08T19:33:13Z,2026-06-01T18:10:00Z
fullsend#2038,fullsend#792,named,25.9,2026-06-08T19:38:54Z,2026-05-13T21:40:07Z
fullsend#2039,fullsend#764,named,24.4,2026-06-08T19:52:46Z,2026-05-15T10:54:20Z
fullsend#2022,fullsend#1923,named,0.3,2026-06-08T20:35:42Z,2026-06-08T12:59:55Z
fullsend#2049,fullsend#1857,causal+named,4.6,2026-06-09T15:39:07Z,2026-06-05T00:05:42Z
fullsend#2049,fullsend#1923,causal+named,1.1,2026-06-09T15:39:07Z,2026-06-08T12:59:55Z
fullsend#2049,fullsend#2022,causal+named,0.8,2026-06-09T15:39:07Z,2026-06-08T20:35:42Z
fullsend#1792,fullsend#1783,named,4.9,2026-06-09T19:38:00Z,2026-06-04T23:04:43Z
fullsend#1834,fullsend#1083,named,14.0,2026-06-09T19:39:06Z,2026-05-26T19:05:29Z
fullsend#2082,fullsend#2049,causal+named,0.3,2026-06-09T22:45:56Z,2026-06-09T15:39:07Z
fullsend#2068,fullsend#2048,named,0.8,2026-06-10T07:06:58Z,2026-06-09T11:23:39Z
fullsend#2097,fullsend#1698,named,0.7,2026-06-10T12:56:02Z,2026-06-09T20:22:04Z
fullsend#2128,fullsend#2100,named,0.2,2026-06-10T20:10:16Z,2026-06-10T15:39:56Z
fullsend#2021,fullsend#1936,causal+named,2.3,2026-06-10T20:47:25Z,2026-06-08T12:58:20Z
fullsend#2158,fullsend#2106,named,0.1,2026-06-11T09:35:56Z,2026-06-11T07:28:31Z
fullsend#2140,fullsend#2128,named,0.6,2026-06-11T11:01:45Z,2026-06-10T20:10:16Z
fullsend#2142,fullsend#2127,named,0.8,2026-06-11T14:48:44Z,2026-06-10T20:10:16Z
fullsend#2142,fullsend#2128,named,0.8,2026-06-11T14:48:44Z,2026-06-10T20:10:16Z
fullsend#2126,fullsend#2089,named,1.1,2026-06-11T16:51:01Z,2026-06-10T14:56:23Z
fullsend#2046,fullsend#2038,named,2.9,2026-06-11T17:35:32Z,2026-06-08T19:38:54Z
fullsend#2150,fullsend#2146,named,1.2,2026-06-12T11:42:02Z,2026-06-11T06:53:30Z
fullsend#2182,fullsend#2146,named,1.2,2026-06-12T11:42:02Z,2026-06-11T06:53:30Z
fullsend#2241,fullsend#2214,named,0.0,2026-06-12T16:13:04Z,2026-06-12T15:41:22Z
fullsend#2244,fullsend#2211,named,0.0,2026-06-12T16:47:46Z,2026-06-12T15:54:19Z
fullsend#2248,fullsend#2146,named,1.5,2026-06-12T18:37:56Z,2026-06-11T06:53:30Z
fullsend#2223,fullsend#2173,causal+named,0.3,2026-06-12T20:04:17Z,2026-06-12T11:42:49Z
fullsend#2213,fullsend#1990,causal+named,6.6,2026-06-15T06:22:01Z,2026-06-08T15:45:49Z
fullsend#2283,fullsend#2213,named,0.0,2026-06-15T07:03:14Z,2026-06-15T06:22:01Z
fullsend#2256,fullsend#2240,named,2.7,2026-06-15T11:55:50Z,2026-06-12T18:22:27Z
fullsend#2344,fullsend#2304,named,0.0,2026-06-16T17:42:34Z,2026-06-16T16:51:11Z
fullsend#2299,fullsend#2128,named,6.0,2026-06-16T19:01:57Z,2026-06-10T20:10:16Z
fullsend#2365,fullsend#2299,causal+named,0.3,2026-06-17T01:34:12Z,2026-06-16T19:01:57Z
fullsend#2375,fullsend#2112,named,6.1,2026-06-17T16:59:36Z,2026-06-11T14:00:48Z
fullsend#2398,fullsend#1988,named,8.3,2026-06-18T00:02:18Z,2026-06-09T17:41:21Z
fullsend#2412,fullsend#2323,named,0.3,2026-06-18T13:48:37Z,2026-06-18T06:05:33Z
fullsend#2400,fullsend#2334,named,0.1,2026-06-18T16:26:42Z,2026-06-18T14:37:33Z
fullsend#2435,fullsend#2400,named,0.1,2026-06-18T18:12:24Z,2026-06-18T16:26:42Z
fullsend#2288,fullsend#1834,named,9.4,2026-06-19T06:17:35Z,2026-06-09T19:39:06Z
fullsend#2459,fullsend#2456,named,2.8,2026-06-22T06:32:58Z,2026-06-19T11:36:13Z
fullsend#2475,fullsend#2468,named,0.2,2026-06-22T12:13:19Z,2026-06-22T06:30:01Z
fullsend#2503,fullsend#2457,named,0.1,2026-06-22T14:26:39Z,2026-06-22T12:16:04Z
fullsend#2517,fullsend#2446,named,0.3,2026-06-22T22:29:44Z,2026-06-22T16:18:53Z
fullsend#2517,fullsend#2447,named,0.3,2026-06-22T22:29:44Z,2026-06-22T15:38:48Z
fullsend#2517,fullsend#2448,named,0.3,2026-06-22T22:29:44Z,2026-06-22T15:38:48Z
fullsend#2444,fullsend#1178,named,28.1,2026-06-23T19:59:41Z,2026-05-26T18:29:29Z
fullsend#2509,fullsend#2508,named,0.7,2026-06-24T11:22:20Z,2026-06-23T18:11:04Z
fullsend#2567,fullsend#2533,named,1.0,2026-06-24T15:35:10Z,2026-06-23T15:03:44Z
fullsend#2514,fullsend#2010,named,1.9,2026-06-24T16:32:34Z,2026-06-22T18:55:41Z
fullsend#2621,fullsend#2508,named,1.0,2026-06-24T18:00:01Z,2026-06-23T18:11:04Z
fullsend#2622,fullsend#2508,named,1.1,2026-06-24T21:06:35Z,2026-06-23T18:11:04Z
fullsend#2622,fullsend#2621,named,0.1,2026-06-24T21:06:35Z,2026-06-24T18:00:01Z
fullsend#2628,fullsend#2615,named,0.2,2026-06-24T21:42:24Z,2026-06-24T17:53:06Z
fullsend#2546,fullsend#2480,named,1.9,2026-06-25T06:59:25Z,2026-06-23T09:25:08Z
fullsend#2617,fullsend#2514,named,0.9,2026-06-25T13:58:33Z,2026-06-24T16:32:34Z
fullsend#2663,fullsend#1055,named,0.3,2026-06-25T19:48:10Z,2026-06-25T13:29:33Z
fullsend#2392,fullsend#2340,causal+named,0.0,2026-06-26T16:32:34Z,2026-06-26T15:27:41Z
fullsend#2697,fullsend#2690,named,0.1,2026-06-26T16:32:34Z,2026-06-26T14:27:27Z
fullsend#2707,fullsend#2139,causal+named,16.5,2026-06-27T14:46:14Z,2026-06-11T02:07:35Z
fullsend#2707,fullsend#2690,causal+named,1.0,2026-06-27T14:46:14Z,2026-06-26T14:27:27Z
fullsend#2707,fullsend#2697,causal+named,0.9,2026-06-27T14:46:14Z,2026-06-26T16:32:34Z
fullsend#2657,fullsend#2446,named,7.0,2026-06-29T17:25:07Z,2026-06-22T16:18:53Z
fullsend#2657,fullsend#2447,named,7.1,2026-06-29T17:25:07Z,2026-06-22T15:38:48Z
fullsend#2657,fullsend#2448,named,7.1,2026-06-29T17:25:07Z,2026-06-22T15:38:48Z
fullsend#2657,fullsend#2514,named,5.0,2026-06-29T17:25:07Z,2026-06-24T16:32:34Z
fullsend#2657,fullsend#2517,named,6.8,2026-06-29T17:25:07Z,2026-06-22T22:29:44Z
fullsend#2657,fullsend#2627,named,4.1,2026-06-29T17:25:07Z,2026-06-25T13:57:47Z
fullsend#2673,fullsend#1688,named,5.2,2026-06-29T17:25:07Z,2026-06-24T12:53:15Z
fullsend#2765,fullsend#2721,causal+named,2.1,2026-06-29T20:39:01Z,2026-06-27T19:01:14Z
fullsend#2763,fullsend#2582,named,0.8,2026-06-30T11:55:34Z,2026-06-29T17:29:14Z
fullsend#2787,fullsend#2714,revert,1.5,2026-06-30T17:06:36Z,2026-06-29T04:48:17Z
fullsend#2787,fullsend#2753,revert,0.3,2026-06-30T17:06:36Z,2026-06-30T09:13:36Z
fullsend#2795,fullsend#2787,causal+named,0.1,2026-06-30T19:08:43Z,2026-06-30T17:06:36Z
fullsend#2788,fullsend#2795,causal+named,0.0,2026-06-30T19:29:06Z,2026-06-30T19:08:43Z
fullsend#2769,fullsend#2768,named,0.4,2026-06-30T20:48:45Z,2026-06-30T11:30:13Z
fullsend#2808,agents#4,named,0.1,2026-06-30T23:39:24Z,2026-06-30T21:41:52Z
fullsend#2752,fullsend#1489,named,12.2,2026-07-01T00:36:48Z,2026-06-18T19:22:08Z
fullsend#2807,agents#4,named,0.1,2026-07-01T00:42:14Z,2026-06-30T21:41:52Z
fullsend#2736,fullsend#2720,named,3.3,2026-07-01T01:14:59Z,2026-06-27T18:01:07Z
fullsend#2815,fullsend#2736,causal+named,0.1,2026-07-01T02:59:26Z,2026-07-01T01:14:59Z
fullsend#2789,fullsend#2714,named,2.1,2026-07-01T08:06:26Z,2026-06-29T04:48:17Z
fullsend#2789,fullsend#2788,named,0.5,2026-07-01T08:06:26Z,2026-06-30T19:29:06Z
fullsend#2800,fullsend#2679,causal+named,1.8,2026-07-01T08:06:43Z,2026-06-29T13:10:19Z
fullsend#2800,fullsend#2795,causal+named,0.5,2026-07-01T08:06:43Z,2026-06-30T19:08:43Z
fullsend#2532,fullsend#2517,named,8.4,2026-07-01T08:20:59Z,2026-06-22T22:29:44Z
fullsend#2756,fullsend#2582,named,1.9,2026-07-01T15:06:32Z,2026-06-29T17:29:14Z
fullsend#2767,fullsend#2698,revert,1.8,2026-07-01T15:40:31Z,2026-06-29T20:01:59Z
fullsend#2767,fullsend#2765,revert,1.8,2026-07-01T15:40:31Z,2026-06-29T20:39:01Z
fullsend#2776,fullsend#2764,named,1.3,2026-07-01T19:14:35Z,2026-06-30T11:57:03Z
fullsend#2776,fullsend#2766,named,1.3,2026-07-01T19:14:35Z,2026-06-30T12:12:10Z
fullsend#2860,fullsend#2770,named,1.0,2026-07-01T21:47:10Z,2026-06-30T21:21:38Z
fullsend#2870,fullsend#2851,named,0.2,2026-07-02T00:40:55Z,2026-07-01T18:58:26Z
fullsend#2796,fullsend#2210,named,19.9,2026-07-02T06:12:58Z,2026-06-12T09:05:44Z
fullsend#2881,fullsend#2796,named,0.0,2026-07-02T06:58:11Z,2026-07-02T06:12:58Z
fullsend#2491,fullsend#2457,named,9.9,2026-07-02T10:20:22Z,2026-06-22T12:16:04Z
fullsend#2491,fullsend#2475,named,9.9,2026-07-02T10:20:22Z,2026-06-22T12:13:19Z
fullsend#2491,fullsend#2481,named,9.9,2026-07-02T10:20:22Z,2026-06-22T11:54:10Z
agents#19,agents#12,named,0.1,2026-07-02T18:17:20Z,2026-07-02T15:14:44Z
fullsend#2963,fullsend#2769,causal+named,2.4,2026-07-03T07:08:00Z,2026-06-30T20:48:45Z
fullsend#2857,fullsend#2453,named,1.7,2026-07-03T09:33:28Z,2026-07-01T16:40:53Z
fullsend#2960,fullsend#2752,causal+named,2.5,2026-07-03T11:26:38Z,2026-07-01T00:36:48Z
fullsend#3039,fullsend#3000,causal+named,0.7,2026-07-06T05:30:37Z,2026-07-05T11:35:30Z
fullsend#2876,fullsend#2811,causal+named,4.2,2026-07-06T06:16:24Z,2026-07-02T00:25:24Z
fullsend#2876,fullsend#2870,causal+named,4.2,2026-07-06T06:16:24Z,2026-07-02T00:40:55Z
fullsend#3058,fullsend#1682,named,13.9,2026-07-06T16:11:10Z,2026-06-22T19:29:15Z
fullsend#3058,fullsend#2010,named,13.9,2026-07-06T16:11:10Z,2026-06-22T18:55:41Z
fullsend#3058,fullsend#2011,named,12.4,2026-07-06T16:11:10Z,2026-06-24T06:43:39Z
agents#21,agents#12,named,4.1,2026-07-06T16:45:22Z,2026-07-02T15:14:44Z
agents#21,agents#19,named,3.9,2026-07-06T16:45:22Z,2026-07-02T18:17:20Z
fullsend#3079,agents#25,named,0.0,2026-07-06T17:11:27Z,2026-07-06T17:06:33Z
fullsend#2583,fullsend#2409,named,0.8,2026-07-06T17:47:21Z,2026-07-05T22:28:55Z
agents#24,agents#12,causal+named,4.2,2026-07-06T20:44:19Z,2026-07-02T15:14:44Z
fullsend#2219,fullsend#2150,named,24.9,2026-07-07T09:59:49Z,2026-06-12T11:42:02Z
fullsend#2360,fullsend#1954,named,20.6,2026-07-07T12:26:17Z,2026-06-16T20:54:58Z
fullsend#2359,fullsend#1954,named,21.1,2026-07-07T22:33:37Z,2026-06-16T20:54:58Z
fullsend#3425,fullsend#2733,causal+named,8.4,2026-07-07T22:37:40Z,2026-06-29T12:00:11Z
fullsend#3425,fullsend#2751,causal+named,8.4,2026-07-07T22:37:40Z,2026-06-29T13:47:02Z
fullsend#3425,fullsend#2947,causal+named,1.2,2026-07-07T22:37:40Z,2026-07-06T17:59:22Z
fullsend#3425,fullsend#3116,causal+named,0.2,2026-07-07T22:37:40Z,2026-07-07T18:02:17Z
fullsend#3286,fullsend#2219,named,0.5,2026-07-07T22:45:30Z,2026-07-07T09:59:49Z
agents#37,agents#29,named,0.3,2026-07-08T05:14:38Z,2026-07-07T22:29:09Z
fullsend#2932,agents#12,named,5.9,2026-07-08T12:10:26Z,2026-07-02T15:14:44Z
agents#15,agents#12,causal+named,6.0,2026-07-08T15:10:08Z,2026-07-02T15:14:44Z
agents#62,agents#3,causal+named,10.8,2026-07-08T15:12:12Z,2026-06-27T19:15:55Z
agents#62,agents#59,causal+named,0.0,2026-07-08T15:12:12Z,2026-07-08T14:47:32Z
agents#41,fullsend#3393,causal+named,0.1,2026-07-08T15:41:42Z,2026-07-08T14:16:53Z
agents#35,fullsend#3182,causal+named,0.8,2026-07-08T17:52:02Z,2026-07-07T22:37:56Z
fullsend#3696,fullsend#2503,named,16.2,2026-07-08T19:46:25Z,2026-06-22T14:26:39Z
fullsend#3696,fullsend#2534,named,15.2,2026-07-08T19:46:25Z,2026-06-23T14:19:06Z
fullsend#3031,fullsend#3001,named,3.8,2026-07-09T12:09:00Z,2026-07-05T16:54:12Z
fullsend#3031,fullsend#3002,named,3.8,2026-07-09T12:09:00Z,2026-07-05T16:46:12Z
fullsend#3677,fullsend#3425,named,1.6,2026-07-09T13:56:39Z,2026-07-07T22:37:40Z
agents#84,agents#10,named,0.2,2026-07-09T18:34:20Z,2026-07-09T13:57:11Z
agents#89,agents#84,named,0.1,2026-07-09T20:59:06Z,2026-07-09T18:34:20Z
agents#80,agents#40,named,1.9,2026-07-09T21:16:37Z,2026-07-07T22:34:42Z
fullsend#3868,fullsend#3398,named,0.9,2026-07-10T10:08:27Z,2026-07-09T11:55:54Z
fullsend#3448,fullsend#3182,named,2.5,2026-07-10T10:16:40Z,2026-07-07T22:37:56Z
fullsend#4008,fullsend#3398,named,1.0,2026-07-10T11:03:41Z,2026-07-09T11:55:54Z
fullsend#4008,fullsend#3868,named,0.0,2026-07-10T11:03:41Z,2026-07-10T10:08:27Z
agents#98,agents#66,named,0.2,2026-07-10T15:05:49Z,2026-07-10T11:09:11Z
agents#90,agents#89,causal+named,0.8,2026-07-10T15:23:13Z,2026-07-09T20:59:06Z
fullsend#3903,fullsend#1489,named,22.0,2026-07-10T18:36:35Z,2026-06-18T19:22:08Z
fullsend#3903,fullsend#2752,named,9.7,2026-07-10T18:36:35Z,2026-07-01T00:36:48Z
agents#109,agents#96,causal+named,2.7,2026-07-13T06:58:33Z,2026-07-10T14:59:45Z
agents#69,agents#3,named,15.5,2026-07-13T07:08:33Z,2026-06-27T19:15:55Z
agents#69,agents#41,named,4.6,2026-07-13T07:08:33Z,2026-07-08T15:41:42Z
agents#69,fullsend#3393,named,4.7,2026-07-13T07:08:33Z,2026-07-08T14:16:53Z
agents#119,agents#90,named,2.7,2026-07-13T07:43:50Z,2026-07-10T15:23:13Z
agents#135,agents#109,named,0.2,2026-07-13T11:51:11Z,2026-07-13T06:58:33Z
agents#135,agents#96,named,2.9,2026-07-13T11:51:11Z,2026-07-10T14:59:45Z
agents#100,agents#94,named,3.3,2026-07-13T20:50:54Z,2026-07-10T12:51:55Z
fullsend#4533,fullsend#2986,causal+named,0.7,2026-07-14T07:12:12Z,2026-07-13T14:38:25Z
fullsend#4654,fullsend#2986,causal+named,0.8,2026-07-14T09:47:32Z,2026-07-13T14:38:25Z
fullsend#4654,fullsend#4533,causal+named,0.1,2026-07-14T09:47:32Z,2026-07-14T07:12:12Z
fullsend#4722,fullsend#4533,named,0.1,2026-07-14T10:25:35Z,2026-07-14T07:12:12Z
fullsend#4722,fullsend#4654,named,0.0,2026-07-14T10:25:35Z,2026-07-14T09:47:32Z
fullsend#3820,fullsend#1982,named,6.1,2026-07-14T21:26:04Z,2026-07-08T19:25:35Z
fullsend#3062,fullsend#2525,named,22.7,2026-07-15T14:58:09Z,2026-06-22T22:09:36Z
fullsend#3062,fullsend#2671,named,7.2,2026-07-15T14:58:09Z,2026-07-08T09:33:36Z
fullsend#4864,fullsend#4102,causal+named,0.9,2026-07-15T15:03:26Z,2026-07-14T17:18:56Z
fullsend#3066,fullsend#2011,named,22.1,2026-07-16T08:22:00Z,2026-06-24T06:43:39Z
fullsend#4901,fullsend#1982,named,7.6,2026-07-16T09:39:17Z,2026-07-08T19:25:35Z
fullsend#5015,fullsend#2666,named,20.6,2026-07-16T10:20:29Z,2026-06-25T19:00:25Z
fullsend#5015,fullsend#2679,named,16.9,2026-07-16T10:20:29Z,2026-06-29T13:10:19Z
fullsend#5057,fullsend#4864,causal+named,0.9,2026-07-16T12:03:48Z,2026-07-15T15:03:26Z
fullsend#5057,fullsend#5052,causal+named,0.8,2026-07-16T12:03:48Z,2026-07-15T16:11:01Z
agents#205,agents#148,causal+named,2.8,2026-07-16T15:21:14Z,2026-07-13T19:27:31Z
agents#114,fullsend#2098,named,5.8,2026-07-16T15:46:46Z,2026-07-10T19:31:32Z
fullsend#5248,fullsend#2626,causal+named,3.9,2026-07-17T17:26:36Z,2026-07-13T18:40:19Z
fullsend#4080,fullsend#4081,named,0.1,2026-07-17T19:25:25Z,2026-07-17T17:22:01Z
fullsend#4079,fullsend#4081,named,0.2,2026-07-17T21:06:12Z,2026-07-17T17:22:01Z
agents#225,agents#38,named,0.3,2026-07-19T13:39:22Z,2026-07-19T06:34:12Z
fullsend#5341,fullsend#5303,causal+named,0.0,2026-07-20T06:48:49Z,2026-07-20T06:10:03Z
fullsend#5310,fullsend#5181,named,3.5,2026-07-20T08:05:54Z,2026-07-16T19:18:43Z
agents#253,agents#172,named,3.0,2026-07-20T11:39:23Z,2026-07-17T11:07:45Z
agents#243,agents#196,causal+named,3.3,2026-07-20T14:01:09Z,2026-07-17T06:42:37Z
fullsend#3063,fullsend#2009,causal+named,20.0,2026-07-21T07:37:45Z,2026-07-01T08:39:19Z
fullsend#3065,fullsend#1682,causal+named,28.5,2026-07-21T07:37:45Z,2026-06-22T19:29:15Z
fullsend#5131,fullsend#625,causal+named,27.7,2026-07-21T07:56:21Z,2026-06-23T15:22:35Z
fullsend#5267,fullsend#4080,causal+named,3.5,2026-07-21T07:56:21Z,2026-07-17T19:25:25Z
fullsend#5273,fullsend#3001,named,16.0,2026-07-21T17:20:45Z,2026-07-05T16:54:12Z
fullsend#5273,fullsend#3002,named,16.0,2026-07-21T17:20:45Z,2026-07-05T16:46:12Z
fullsend#5273,fullsend#3003,named,15.7,2026-07-21T17:20:45Z,2026-07-06T00:47:50Z
fullsend#5273,fullsend#3031,named,12.2,2026-07-21T17:20:45Z,2026-07-09T12:09:00Z
fullsend#5273,fullsend#3033,named,11.6,2026-07-21T17:20:45Z,2026-07-10T02:11:11Z
fullsend#5273,fullsend#4079,named,3.8,2026-07-21T17:20:45Z,2026-07-17T21:06:12Z
fullsend#5273,fullsend#4080,named,3.9,2026-07-21T17:20:45Z,2026-07-17T19:25:25Z
fullsend#5273,fullsend#4081,named,4.0,2026-07-21T17:20:45Z,2026-07-17T17:22:01Z
fullsend#5397,fullsend#3062,named,6.3,2026-07-21T21:31:44Z,2026-07-15T14:58:09Z
agents#192,fullsend#2774,named,5.4,2026-07-22T06:34:57Z,2026-07-16T22:01:39Z
fullsend#5429,fullsend#2492,named,29.8,2026-07-22T06:37:44Z,2026-06-22T10:42:40Z
agents#295,fullsend#5273,named,0.6,2026-07-22T07:07:33Z,2026-07-21T17:20:45Z
agents#296,fullsend#5273,named,0.6,2026-07-22T07:07:33Z,2026-07-21T17:20:45Z
agents#303,agents#37,causal+named,14.1,2026-07-22T07:20:25Z,2026-07-08T05:14:38Z
fullsend#5435,fullsend#5429,causal+named,0.1,2026-07-22T08:24:59Z,2026-07-22T06:37:44Z
fullsend#5447,fullsend#5348,named,1.0,2026-07-22T10:38:28Z,2026-07-21T10:00:47Z
fullsend#5457,fullsend#5429,named,0.5,2026-07-22T18:38:35Z,2026-07-22T06:37:44Z
agents#355,agents#248,causal+named,0.6,2026-07-22T21:10:21Z,2026-07-22T07:24:13Z
fullsend#5269,fullsend#4079,causal+named,5.0,2026-07-22T21:58:53Z,2026-07-17T21:06:12Z
fullsend#5269,fullsend#4080,causal+named,5.1,2026-07-22T21:58:53Z,2026-07-17T19:25:25Z
fullsend#5459,fullsend#5447,named,0.8,2026-07-23T06:56:43Z,2026-07-22T10:38:28Z
fullsend#5506,fullsend#5497,causal+named,0.1,2026-07-23T08:31:22Z,2026-07-23T06:35:03Z
fullsend#5502,fullsend#5457,named,0.7,2026-07-23T10:21:43Z,2026-07-22T18:38:35Z
fullsend#5502,fullsend#5499,named,0.2,2026-07-23T10:21:43Z,2026-07-23T06:02:52Z
fullsend#5467,fullsend#1688,named,29.1,2026-07-23T14:16:47Z,2026-06-24T12:53:15Z
agents#381,agents#183,named,1.0,2026-07-23T15:51:54Z,2026-07-22T16:52:33Z
fullsend#5423,fullsend#4049,causal+named,1.9,2026-07-23T16:23:04Z,2026-07-21T19:44:08Z
fullsend#5486,fullsend#5444,named,0.6,2026-07-23T19:02:19Z,2026-07-23T03:57:26Z
fullsend#5488,fullsend#5444,named,0.6,2026-07-23T19:05:37Z,2026-07-23T03:57:26Z
fullsend#5543,fullsend#5488,named,0.0,2026-07-23T19:42:20Z,2026-07-23T19:05:37Z
fullsend#5404,fullsend#5309,named,2.5,2026-07-23T20:37:08Z,2026-07-21T08:52:20Z
fullsend#5549,fullsend#5424,named,0.4,2026-07-24T06:40:52Z,2026-07-23T20:17:37Z
fullsend#5561,fullsend#5527,named,0.0,2026-07-24T07:20:51Z,2026-07-24T06:49:35Z
fullsend#5395,fullsend#5244,causal+named,3.7,2026-07-24T13:16:17Z,2026-07-20T21:16:29Z
fullsend#5306,fullsend#5225,causal+named,5.2,2026-07-24T13:32:08Z,2026-07-19T07:53:46Z
agents#415,fullsend#5395,named,0.3,2026-07-24T20:07:01Z,2026-07-24T13:16:17Z
agents#415,fullsend#5425,named,0.1,2026-07-24T20:07:01Z,2026-07-24T17:44:05Z
agents#434,agents#4,causal+named,24.0,2026-07-24T20:33:38Z,2026-06-30T21:41:52Z
agents#434,agents#78,causal+named,16.0,2026-07-24T20:33:38Z,2026-07-08T20:54:30Z
fullsend#5340,fullsend#5294,causal+named,7.0,2026-07-27T06:42:58Z,2026-07-20T06:10:03Z
fullsend#5546,fullsend#5489,causal+named,3.5,2026-07-27T06:51:26Z,2026-07-23T19:18:27Z
fullsend#5523,fullsend#5482,named,3.9,2026-07-27T07:47:39Z,2026-07-23T09:46:47Z
fullsend#5587,fullsend#5478,causal+named,2.4,2026-07-27T08:49:11Z,2026-07-24T23:57:10Z
fullsend#5622,fullsend#5617,named,0.4,2026-07-27T08:49:11Z,2026-07-26T23:55:37Z
fullsend#5623,fullsend#5617,named,0.5,2026-07-27T12:41:31Z,2026-07-26T23:55:37Z
fullsend#5643,fullsend#5623,named,0.2,2026-07-27T17:20:54Z,2026-07-27T12:41:31Z
fullsend#5654,fullsend#1982,named,19.7,2026-07-28T11:31:56Z,2026-07-08T19:25:35Z
fullsend#5407,fullsend#3820,named,13.6,2026-07-28T11:44:29Z,2026-07-14T21:26:04Z
fullsend#5682,fullsend#5588,named,0.1,2026-07-28T18:58:39Z,2026-07-28T15:40:21Z
fullsend#5676,fullsend#5640,named,0.8,2026-07-29T08:16:14Z,2026-07-28T12:32:26Z
fullsend#5698,fullsend#5407,named,1.0,2026-07-29T11:39:15Z,2026-07-28T11:44:29Z
fullsend#5688,fullsend#3182,causal+named,21.6,2026-07-29T13:21:02Z,2026-07-07T22:37:56Z
fullsend#5688,fullsend#3393,causal+named,21.0,2026-07-29T13:21:02Z,2026-07-08T14:16:53Z
fullsend#5699,fullsend#5693,causal+named,0.8,2026-07-29T18:02:32Z,2026-07-28T23:43:35Z
fullsend#5713,fullsend#5701,named,0.4,2026-07-29T20:57:26Z,2026-07-29T12:15:25Z
fullsend#5729,fullsend#5688,causal+named,0.3,2026-07-29T21:05:16Z,2026-07-29T13:21:02Z
agents#527,fullsend#5688,causal+named,0.3,2026-07-29T21:26:21Z,2026-07-29T13:21:02Z
fullsend#5737,fullsend#5588,named,1.2,2026-07-29T21:28:05Z,2026-07-28T15:40:21Z
fullsend#5743,fullsend#5738,causal+named,0.3,2026-07-30T02:19:49Z,2026-07-29T19:44:01Z
fullsend#5673,fullsend#5654,named,1.8,2026-07-30T07:07:49Z,2026-07-28T11:31:56Z
fullsend#5719,fullsend#5588,causal+named,1.6,2026-07-30T07:07:49Z,2026-07-28T15:40:21Z
fullsend#5628,fullsend#5340,named,3.0,2026-07-30T07:09:10Z,2026-07-27T06:42:58Z
fullsend#5709,fullsend#5407,named,1.8,2026-07-30T08:01:43Z,2026-07-28T11:44:29Z
fullsend#4075,fullsend#3903,causal+named,19.6,2026-07-30T08:06:13Z,2026-07-10T18:36:35Z
fullsend#5741,fullsend#5713,named,0.7,2026-07-30T13:54:53Z,2026-07-29T20:57:26Z
fullsend#5741,fullsend#5747,named,0.0,2026-07-30T13:54:53Z,2026-07-30T13:07:40Z
fullsend#5764,fullsend#5741,named,0.0,2026-07-30T14:41:57Z,2026-07-30T13:54:53Z
agents#536,fullsend#5737,named,0.9,2026-07-30T18:35:07Z,2026-07-29T21:28:05Z
fullsend#5739,agents#536,causal+named,0.0,2026-07-30T18:46:51Z,2026-07-30T18:35:07Z
fullsend#5739,fullsend#5588,causal+named,2.1,2026-07-30T18:46:51Z,2026-07-28T15:40:21Z
fullsend#5739,fullsend#5737,causal+named,0.9,2026-07-30T18:46:51Z,2026-07-29T21:28:05Z
fullsend#5773,fullsend#5557,named,1.1,2026-07-30T21:08:17Z,2026-07-29T18:01:34Z
agents#49,agents#32,named,23.0,2026-07-30T21:26:11Z,2026-07-07T22:27:45Z
fullsend#5786,fullsend#5752,named,0.0,2026-07-31T07:15:07Z,2026-07-31T06:22:03Z
fullsend#5790,fullsend#5357,named,0.1,2026-07-31T09:02:20Z,2026-07-31T06:38:29Z
agents#187,agents#184,causal+named,15.7,2026-07-31T09:59:15Z,2026-07-15T18:03:35Z
fullsend#5782,agents#498,named,2.0,2026-07-31T10:05:57Z,2026-07-29T09:24:55Z
agents#392,agents#371,named,8.1,2026-07-31T10:16:27Z,2026-07-23T08:50:55Z
fullsend#5816,fullsend#5807,named,0.4,2026-08-01T22:05:20Z,2026-08-01T13:35:54Z
fullsend#5813,fullsend#5807,named,0.4,2026-08-01T23:34:17Z,2026-08-01T13:35:54Z
fullsend#5821,fullsend#5813,named,0.2,2026-08-02T03:14:26Z,2026-08-01T23:34:17Z
fullsend#5821,fullsend#5816,named,0.2,2026-08-02T03:14:26Z,2026-08-01T22:05:20Z
fullsend#5639,fullsend#5615,named,6.9,2026-08-03T06:05:11Z,2026-07-27T09:22:33Z
fullsend#5819,fullsend#5816,causal+named,1.5,2026-08-03T09:50:32Z,2026-08-01T22:05:20Z
agents#622,fullsend#5654,named,6.1,2026-08-03T13:38:46Z,2026-07-28T11:31:56Z
fullsend#5665,fullsend#1982,named,26.5,2026-08-04T07:37:40Z,2026-07-08T19:25:35Z
fullsend#5893,fullsend#5856,named,0.2,2026-08-04T14:37:00Z,2026-08-04T09:31:32Z
fullsend#5898,fullsend#5874,named,0.7,2026-08-04T20:24:53Z,2026-08-04T03:42:56Z
fullsend#5914,fullsend#5898,named,0.3,2026-08-05T03:56:37Z,2026-08-04T20:24:53Z
agents#595,agents#392,named,4.9,2026-08-05T07:56:45Z,2026-07-31T10:16:27Z
agents#591,agents#488,named,5.0,2026-08-05T08:30:17Z,2026-07-31T07:27:03Z
fullsend#5926,fullsend#5887,causal+named,0.0,2026-08-05T10:40:45Z,2026-08-05T09:31:55Z
fullsend#5866,fullsend#5697,named,1.0,2026-08-05T19:30:13Z,2026-08-04T19:41:55Z
fullsend#5866,fullsend#5836,named,1.0,2026-08-05T19:30:13Z,2026-08-04T18:45:08Z
fullsend#5933,fullsend#5916,named,0.3,2026-08-05T21:18:26Z,2026-08-05T13:10:52Z
fullsend#5888,fullsend#5887,named,0.9,2026-08-06T07:02:48Z,2026-08-05T09:31:55Z
fullsend#5969,fullsend#5936,named,0.1,2026-08-06T09:59:23Z,2026-08-06T07:51:29Z
agents#673,agents#592,named,1.1,2026-08-06T10:15:22Z,2026-08-05T08:56:50Z
agents#673,fullsend#5732,named,7.0,2026-08-06T10:15:22Z,2026-07-30T10:37:23Z
agents#671,agents#591,named,1.1,2026-08-06T10:19:31Z,2026-08-05T08:30:17Z
fullsend#5978,fullsend#5875,causal+named,2.4,2026-08-07T06:51:04Z,2026-08-04T22:14:01Z
fullsend#5573,fullsend#5274,causal+named,18.7,2026-08-07T12:49:11Z,2026-07-19T19:06:56Z
fullsend#5420,fullsend#5248,named,20.9,2026-08-07T14:06:00Z,2026-07-17T17:26:36Z
fullsend#5578,fullsend#5192,causal+named,14.0,2026-08-07T14:50:43Z,2026-07-24T15:46:37Z
fullsend#6008,fullsend#5578,causal+named,0.2,2026-08-07T19:30:42Z,2026-08-07T14:50:43Z
fullsend#5950,fullsend#5615,named,13.2,2026-08-09T14:05:13Z,2026-07-27T09:22:33Z
agents#569,agents#566,named,0.0,2026-08-10T15:31:59Z,2026-08-10T14:51:24Z
fullsend#5955,fullsend#5697,causal+named,6.2,2026-08-10T23:34:13Z,2026-08-04T19:41:55Z
fullsend#5955,fullsend#5836,causal+named,6.2,2026-08-10T23:34:13Z,2026-08-04T18:45:08Z
fullsend#5955,fullsend#5866,causal+named,5.2,2026-08-10T23:34:13Z,2026-08-05T19:30:13Z
fullsend#6044,fullsend#6000,named,0.9,2026-08-11T08:56:25Z,2026-08-10T11:42:50Z
fullsend#6070,fullsend#6028,named,0.7,2026-08-11T11:58:06Z,2026-08-10T19:32:34Z
fullsend#5975,fullsend#5427,named,18.7,2026-08-11T12:17:05Z,2026-07-23T19:32:03Z
fullsend#6037,fullsend#5950,named,1.9,2026-08-11T12:27:12Z,2026-08-09T14:05:13Z
fullsend#5996,fullsend#5778,named,7.9,2026-08-11T21:12:40Z,2026-08-03T23:52:21Z
fullsend#5996,fullsend#5993,named,1.1,2026-08-11T21:12:40Z,2026-08-10T17:39:16Z
fullsend#6112,fullsend#6037,named,0.4,2026-08-11T21:39:31Z,2026-08-11T12:27:12Z
fullsend#6126,fullsend#6037,causal+named,0.5,2026-08-12T00:27:42Z,2026-08-11T12:27:12Z
fullsend#6126,fullsend#6112,causal+named,0.1,2026-08-12T00:27:42Z,2026-08-11T21:39:31Z
fullsend#6078,fullsend#5962,causal,5.5,2026-08-12T01:01:17Z,2026-08-06T12:00:51Z
fullsend#6078,fullsend#6074,causal+named,1.1,2026-08-12T01:01:17Z,2026-08-10T23:40:55Z
fullsend#6121,fullsend#6037,named,1.0,2026-08-12T11:56:31Z,2026-08-11T12:27:12Z
fullsend#6121,fullsend#6112,named,0.6,2026-08-12T11:56:31Z,2026-08-11T21:39:31Z
fullsend#6055,fullsend#6048,causal+named,1.9,2026-08-12T16:02:42Z,2026-08-10T18:43:48Z
fullsend#6138,fullsend#6121,named,0.7,2026-08-13T05:28:54Z,2026-08-12T11:56:31Z
fullsend#6106,fullsend#5736,named,2.0,2026-08-13T16:00:37Z,2026-08-11T15:31:24Z
agents#609,agents#566,named,3.1,2026-08-13T18:16:38Z,2026-08-10T14:51:24Z
agents#601,agents#566,causal+named,3.1,2026-08-13T18:27:02Z,2026-08-10T14:51:24Z
agents#601,fullsend#5798,causal+named,10.0,2026-08-13T18:27:02Z,2026-08-03T17:35:03Z
fullsend#6167,fullsend#5181,named,28.0,2026-08-13T19:58:50Z,2026-07-16T19:18:43Z
agents#686,fullsend#5918,named,9.1,2026-08-14T04:01:06Z,2026-08-05T00:48:00Z
fullsend#6147,fullsend#6035,named,2.0,2026-08-14T15:22:52Z,2026-08-12T15:05:33Z
fullsend#6251,agents#658,causal+named,9.4,2026-08-15T19:49:32Z,2026-08-06T10:21:40Z
fullsend#6203,agents#757,named,2.6,2026-08-16T08:30:23Z,2026-08-13T18:36:57Z
fullsend#6258,fullsend#6224,causal+named,2.2,2026-08-16T23:47:35Z,2026-08-14T19:43:26Z
agents#400,agents#381,named,24.7,2026-08-17T09:21:43Z,2026-07-23T15:51:54Z
fullsend#6277,fullsend#6255,causal+named,0.2,2026-08-17T09:33:59Z,2026-08-17T03:59:43Z
fullsend#6248,fullsend#6242,causal+named,2.3,2026-08-17T09:40:02Z,2026-08-15T02:06:23Z
fullsend#6245,fullsend#6239,named,2.4,2026-08-17T09:40:38Z,2026-08-14T22:52:51Z
fullsend#6235,fullsend#6202,named,2.7,2026-08-17T09:59:56Z,2026-08-14T16:25:15Z
fullsend#6111,agents#766,named,3.2,2026-08-17T20:35:10Z,2026-08-14T15:34:39Z
agents#813,agents#686,named,3.8,2026-08-17T22:30:04Z,2026-08-14T04:01:06Z
agents#855,agents#813,named,0.1,2026-08-18T01:36:00Z,2026-08-17T22:30:04Z
fullsend#6290,fullsend#6261,named,1.6,2026-08-18T12:00:55Z,2026-08-16T21:58:12Z
fullsend#5776,fullsend#5736,causal+named,7.1,2026-08-18T16:55:06Z,2026-08-11T15:31:24Z
fullsend#6272,fullsend#6237,named,0.1,2026-08-18T17:32:01Z,2026-08-18T14:04:11Z
fullsend#6336,fullsend#6315,causal+named,0.2,2026-08-18T20:57:40Z,2026-08-18T16:20:37Z
agents#827,fullsend#6237,named,0.3,2026-08-18T22:10:26Z,2026-08-18T14:04:11Z
fullsend#6329,fullsend#5413,named,19.8,2026-08-19T01:30:57Z,2026-07-30T07:16:35Z
agents#815,agents#686,named,4.9,2026-08-19T01:38:29Z,2026-08-14T04:01:06Z
fullsend#6250,fullsend#6252,causal+named,3.3,2026-08-19T02:47:17Z,2026-08-15T18:26:24Z
fullsend#6372,agents#609,named,6.1,2026-08-19T21:19:20Z,2026-08-13T18:16:38Z
agents#883,agents#211,causal+named,2.9,2026-08-20T09:03:37Z,2026-08-17T12:13:11Z
fullsend#6375,fullsend#5596,named,25.8,2026-08-20T14:05:04Z,2026-07-25T18:27:16Z
fullsend#6036,fullsend#5944,named,7.9,2026-08-20T16:05:14Z,2026-08-12T18:13:33Z
agents#722,fullsend#6036,named,0.0,2026-08-20T16:14:09Z,2026-08-20T16:05:14Z
fullsend#6398,fullsend#6139,named,7.8,2026-08-20T17:21:29Z,2026-08-12T21:57:42Z
fullsend#6217,fullsend#6199,causal+named,6.8,2026-08-20T17:32:44Z,2026-08-13T22:17:08Z
agents#817,agents#813,named,2.9,2026-08-20T20:56:04Z,2026-08-17T22:30:04Z
agents#817,agents#815,named,1.8,2026-08-20T20:56:04Z,2026-08-19T01:38:29Z
agents#872,agents#813,named,3.1,2026-08-21T00:53:03Z,2026-08-17T22:30:04Z
agents#872,agents#815,named,2.0,2026-08-21T00:53:03Z,2026-08-19T01:38:29Z
agents#872,agents#817,named,0.2,2026-08-21T00:53:03Z,2026-08-20T20:56:04Z
fullsend#6437,fullsend#6421,named,0.3,2026-08-21T10:30:59Z,2026-08-21T03:17:24Z
agents#908,agents#817,named,0.6,2026-08-21T10:59:36Z,2026-08-20T20:56:04Z
fullsend#6230,fullsend#6147,named,6.9,2026-08-21T12:29:57Z,2026-08-14T15:22:52Z
fullsend#6449,fullsend#6421,named,0.5,2026-08-21T14:49:37Z,2026-08-21T03:17:24Z
fullsend#6449,fullsend#6437,named,0.2,2026-08-21T14:49:37Z,2026-08-21T10:30:59Z
fullsend#6206,fullsend#5776,named,3.1,2026-08-21T18:56:28Z,2026-08-18T16:55:06Z
fullsend#6355,fullsend#6218,causal+named,7.2,2026-08-21T20:31:16Z,2026-08-14T15:36:53Z
fullsend#6405,fullsend#6355,causal+named,0.0,2026-08-21T21:29:14Z,2026-08-21T20:31:16Z
agents#918,agents#686,causal+named,7.8,2026-08-22T00:21:04Z,2026-08-14T04:01:06Z
fullsend#6479,fullsend#6447,causal+named,0.5,2026-08-22T13:04:05Z,2026-08-22T02:05:17Z
fullsend#6479,fullsend#6461,causal+named,0.5,2026-08-22T13:04:05Z,2026-08-22T00:45:30Z
fullsend#6484,fullsend#6447,named,0.7,2026-08-22T18:40:37Z,2026-08-22T02:05:17Z
agents#928,agents#917,causal+named,1.0,2026-08-22T18:46:05Z,2026-08-21T18:56:39Z
fullsend#6491,fullsend#6482,causal+named,0.1,2026-08-22T22:16:44Z,2026-08-22T19:17:34Z
fullsend#6467,fullsend#6035,named,10.3,2026-08-22T22:54:20Z,2026-08-12T15:05:33Z
fullsend#6467,fullsend#6355,named,1.1,2026-08-22T22:54:20Z,2026-08-21T20:31:16Z
fullsend#6505,fullsend#6467,causal+named,0.1,2026-08-23T00:19:49Z,2026-08-22T22:54:20Z
fullsend#6472,fullsend#6035,named,10.4,2026-08-23T00:54:45Z,2026-08-12T15:05:33Z
agents#934,agents#921,causal+named,0.4,2026-08-23T01:07:30Z,2026-08-22T15:30:10Z
fullsend#6510,fullsend#6467,causal+named,0.1,2026-08-23T01:45:52Z,2026-08-22T22:54:20Z
fullsend#6510,fullsend#6495,causal+named,0.2,2026-08-23T01:45:52Z,2026-08-22T21:29:13Z
agents#960,agents#946,named,0.1,2026-08-23T02:59:24Z,2026-08-23T00:21:23Z
agents#960,agents#948,named,0.1,2026-08-23T02:59:24Z,2026-08-23T01:22:42Z
fullsend#6520,fullsend#6355,named,1.8,2026-08-23T14:38:28Z,2026-08-21T20:31:16Z
fullsend#6520,fullsend#6467,named,0.7,2026-08-23T14:38:28Z,2026-08-22T22:54:20Z
fullsend#6524,fullsend#6505,causal+named,0.8,2026-08-23T18:52:54Z,2026-08-23T00:19:49Z
agents#975,agents#965,named,0.1,2026-08-23T19:01:38Z,2026-08-23T15:39:01Z
agents#975,fullsend#6534,named,0.1,2026-08-23T19:01:38Z,2026-08-23T17:41:58Z
fullsend#6515,fullsend#6336,named,4.9,2026-08-23T19:44:56Z,2026-08-18T20:57:40Z
fullsend#6536,fullsend#6467,causal+named,1.1,2026-08-24T01:52:13Z,2026-08-22T22:54:20Z
fullsend#6536,fullsend#6534,causal+named,0.3,2026-08-24T01:52:13Z,2026-08-23T17:41:58Z
fullsend#6455,fullsend#6340,named,5.2,2026-08-24T16:35:45Z,2026-08-19T12:09:34Z
fullsend#6476,agents#917,causal+named,3.0,2026-08-24T19:25:14Z,2026-08-21T18:56:39Z
fullsend#6476,fullsend#6447,causal+named,2.7,2026-08-24T19:25:14Z,2026-08-22T02:05:17Z
fullsend#5957,fullsend#5736,named,13.2,2026-08-24T20:34:22Z,2026-08-11T15:31:24Z
fullsend#6285,fullsend#6237,named,6.3,2026-08-24T20:51:06Z,2026-08-18T14:04:11Z
fullsend#6555,fullsend#6549,causal+named,0.3,2026-08-24T21:01:22Z,2026-08-24T14:30:42Z
fullsend#6559,fullsend#6555,causal+named,0.2,2026-08-25T01:00:23Z,2026-08-24T21:01:22Z
fullsend#6537,fullsend#5702,named,27.1,2026-08-25T09:28:57Z,2026-07-29T06:56:15Z
fullsend#6537,fullsend#5767,named,25.7,2026-08-25T09:28:57Z,2026-07-30T16:55:39Z
fullsend#6537,fullsend#5840,named,22.0,2026-08-25T09:28:57Z,2026-08-03T08:17:31Z
fullsend#6537,fullsend#5857,named,21.0,2026-08-25T09:28:57Z,2026-08-04T08:53:07Z
fullsend#6537,fullsend#5865,named,21.6,2026-08-25T09:28:57Z,2026-08-03T18:44:38Z
fullsend#6443,fullsend#5523,named,29.3,2026-08-25T14:27:55Z,2026-07-27T07:47:39Z
fullsend#6429,fullsend#5788,named,5.4,2026-08-25T16:42:28Z,2026-08-20T07:05:14Z
fullsend#6429,fullsend#6036,named,5.0,2026-08-25T16:42:28Z,2026-08-20T16:05:14Z
fullsend#6580,fullsend#6555,causal+named,0.8,2026-08-25T17:12:26Z,2026-08-24T21:01:22Z
fullsend#6580,fullsend#6559,causal+named,0.7,2026-08-25T17:12:26Z,2026-08-25T01:00:23Z
fullsend#6540,agents#965,named,2.1,2026-08-25T18:11:43Z,2026-08-23T15:39:01Z
fullsend#6540,fullsend#6508,named,2.6,2026-08-25T18:11:43Z,2026-08-23T02:49:28Z
fullsend#6540,fullsend#6534,named,2.0,2026-08-25T18:11:43Z,2026-08-23T17:41:58Z
fullsend#6540,fullsend#6574,named,0.7,2026-08-25T18:11:43Z,2026-08-25T00:56:06Z
fullsend#6540,fullsend#6583,named,0.0,2026-08-25T18:11:43Z,2026-08-25T17:35:41Z
agents#1010,agents#776,named,11.4,2026-08-25T18:51:34Z,2026-08-14T09:19:26Z
agents#1010,fullsend#6513,named,0.8,2026-08-25T18:51:34Z,2026-08-24T23:07:52Z
fullsend#6523,agents#965,named,2.2,2026-08-25T21:15:31Z,2026-08-23T15:39:01Z
fullsend#6619,fullsend#6580,named,0.4,2026-08-26T03:24:16Z,2026-08-25T17:12:26Z
fullsend#5891,fullsend#5856,causal+named,21.9,2026-08-26T07:11:12Z,2026-08-04T09:31:32Z
fullsend#5904,fullsend#5778,named,22.3,2026-08-26T07:12:04Z,2026-08-03T23:52:21Z
fullsend#6164,fullsend#6138,named,13.1,2026-08-26T08:48:01Z,2026-08-13T05:28:54Z
fullsend#6069,fullsend#6028,named,15.6,2026-08-26T08:48:02Z,2026-08-10T19:32:34Z
fullsend#6234,fullsend#6202,named,11.7,2026-08-26T10:11:42Z,2026-08-14T16:25:15Z
agents#1038,agents#861,named,0.8,2026-08-26T12:09:12Z,2026-08-25T17:37:05Z
fullsend#6427,fullsend#6217,named,5.8,2026-08-26T12:16:07Z,2026-08-20T17:32:44Z
fullsend#6200,fullsend#6066,named,12.8,2026-08-26T13:16:09Z,2026-08-13T17:36:10Z
fullsend#6616,fullsend#6585,named,0.9,2026-08-26T20:08:03Z,2026-08-25T21:20:26Z
fullsend#6620,fullsend#6580,causal+named,1.2,2026-08-26T21:10:18Z,2026-08-25T17:12:26Z
agents#1054,fullsend#6611,named,0.1,2026-08-26T21:19:10Z,2026-08-26T20:01:37Z
agents#1050,fullsend#6568,named,2.1,2026-08-27T01:18:01Z,2026-08-24T23:33:01Z
agents#1063,agents#1050,causal+named,0.0,2026-08-27T02:02:59Z,2026-08-27T01:18:01Z
fullsend#5850,fullsend#5763,causal+named,24.0,2026-08-27T06:51:46Z,2026-08-03T06:46:17Z
fullsend#6303,fullsend#6067,causal+named,9.5,2026-08-27T07:51:02Z,2026-08-17T21:00:40Z
fullsend#6441,fullsend#6437,named,5.9,2026-08-27T08:24:27Z,2026-08-21T10:30:59Z
fullsend#6457,fullsend#6206,named,5.6,2026-08-27T08:25:18Z,2026-08-21T18:56:28Z
fullsend#6641,fullsend#6200,named,0.9,2026-08-27T09:53:01Z,2026-08-26T13:16:09Z
fullsend#6665,fullsend#6611,causal+named,0.7,2026-08-27T12:11:04Z,2026-08-26T20:01:37Z
fullsend#6669,fullsend#6620,causal+named,0.9,2026-08-27T19:51:33Z,2026-08-26T21:10:18Z
agents#1024,fullsend#6285,named,3.0,2026-08-27T19:52:23Z,2026-08-24T20:51:06Z
fullsend#6647,agents#1025,causal+named,2.0,2026-08-27T19:56:31Z,2026-08-25T19:28:41Z
fullsend#6693,fullsend#6687,named,0.1,2026-08-27T21:56:17Z,2026-08-27T18:21:16Z
fullsend#6698,fullsend#6647,causal+named,0.2,2026-08-28T00:03:00Z,2026-08-27T19:56:31Z
fullsend#6698,fullsend#6669,causal+named,0.2,2026-08-28T00:03:00Z,2026-08-27T19:51:33Z
fullsend#6695,fullsend#5673,named,28.9,2026-08-28T03:57:22Z,2026-07-30T07:07:49Z
fullsend#6724,fullsend#6661,causal+named,1.4,2026-08-28T14:01:13Z,2026-08-27T04:06:14Z
fullsend#6731,fullsend#6722,causal+named,0.4,2026-08-28T20:34:34Z,2026-08-28T11:58:14Z
fullsend#6731,fullsend#6723,causal+named,0.3,2026-08-28T20:34:34Z,2026-08-28T12:55:16Z
fullsend#6731,fullsend#6724,causal+named,0.3,2026-08-28T20:34:34Z,2026-08-28T14:01:13Z
agents#1081,fullsend#6695,causal+named,0.7,2026-08-28T21:09:08Z,2026-08-28T03:57:22Z
agents#1049,fullsend#6616,named,2.8,2026-08-29T14:35:59Z,2026-08-26T20:08:03Z
fullsend#6779,fullsend#6695,named,2.6,2026-08-30T17:58:50Z,2026-08-28T03:57:22Z
fullsend#6784,fullsend#6695,named,2.7,2026-08-30T20:48:55Z,2026-08-28T03:57:22Z
fullsend#6784,fullsend#6779,named,0.1,2026-08-30T20:48:55Z,2026-08-30T17:58:50Z
fullsend#6705,fullsend#6647,named,3.5,2026-08-31T07:20:56Z,2026-08-27T19:56:31Z
fullsend#6705,fullsend#6669,named,3.5,2026-08-31T07:20:56Z,2026-08-27T19:51:33Z
fullsend#6705,fullsend#6696,named,3.4,2026-08-31T07:20:56Z,2026-08-27T21:24:31Z
fullsend#6705,fullsend#6698,named,3.3,2026-08-31T07:20:56Z,2026-08-28T00:03:00Z
fullsend#6613,fullsend#6513,named,6.8,2026-08-31T17:32:53Z,2026-08-24T23:07:52Z
fullsend#6613,fullsend#6523,named,5.8,2026-08-31T17:32:53Z,2026-08-25T21:15:31Z
fullsend#6613,fullsend#6540,named,6.0,2026-08-31T17:32:53Z,2026-08-25T18:11:43Z
fullsend#6613,fullsend#6583,named,6.0,2026-08-31T17:32:53Z,2026-08-25T17:35:41Z
fullsend#6613,fullsend#6585,named,5.8,2026-08-31T17:32:53Z,2026-08-25T21:20:26Z
fullsend#6819,fullsend#6723,named,3.3,2026-08-31T20:51:41Z,2026-08-28T12:55:16Z
fullsend#6771,fullsend#6652,named,4.9,2026-09-01T09:35:16Z,2026-08-27T11:35:34Z
fullsend#6676,fullsend#6728,named,0.0,2026-09-01T09:49:23Z,2026-09-01T09:36:26Z
agents#1101,agents#1075,named,0.7,2026-09-01T10:26:14Z,2026-08-31T17:09:25Z
fullsend#6861,fullsend#6536,causal+named,8.7,2026-09-01T18:50:16Z,2026-08-24T01:52:13Z
fullsend#6752,fullsend#6745,causal+named,3.2,2026-09-01T20:24:38Z,2026-08-29T15:55:39Z
fullsend#6753,fullsend#6752,named,0.1,2026-09-01T21:39:30Z,2026-09-01T20:24:38Z
fullsend#6753,fullsend#6772,named,0.0,2026-09-01T21:39:30Z,2026-09-01T20:41:57Z
fullsend#6886,fullsend#6813,named,1.0,2026-09-02T00:32:08Z,2026-09-01T00:53:32Z
fullsend#6896,fullsend#6888,causal+named,0.3,2026-09-02T08:28:26Z,2026-09-02T01:24:46Z
fullsend#6786,fullsend#6784,named,2.5,2026-09-02T09:28:01Z,2026-08-30T20:48:55Z
fullsend#6542,fullsend#6536,causal+named,9.8,2026-09-02T21:02:12Z,2026-08-24T01:52:13Z
fullsend#6542,fullsend#6585,causal+named,8.0,2026-09-02T21:02:12Z,2026-08-25T21:20:26Z
agents#957,agents#934,causal+named,11.0,2026-09-03T00:13:22Z,2026-08-23T01:07:30Z
agents#957,agents#946,causal+named,11.0,2026-09-03T00:13:22Z,2026-08-23T00:21:23Z
agents#957,agents#960,causal+named,10.9,2026-09-03T00:13:22Z,2026-08-23T02:59:24Z
fullsend#6975,agents#1118,causal+named,1.5,2026-09-03T18:53:46Z,2026-09-02T07:24:42Z
fullsend#6975,agents#1160,causal+named,0.3,2026-09-03T18:53:46Z,2026-09-03T11:40:50Z
fullsend#6975,fullsend#6647,causal+named,7.0,2026-09-03T18:53:46Z,2026-08-27T19:56:31Z
fullsend#6884,fullsend#6579,named,1.9,2026-09-03T19:38:41Z,2026-09-01T21:52:19Z
fullsend#6988,fullsend#6744,named,3.1,2026-09-03T22:06:44Z,2026-08-31T20:16:30Z
fullsend#6989,fullsend#6884,named,0.5,2026-09-04T07:09:11Z,2026-09-03T19:38:41Z
fullsend#6841,fullsend#6771,named,3.0,2026-09-04T09:58:52Z,2026-09-01T09:35:16Z
fullsend#6942,fullsend#6923,named,1.4,2026-09-04T09:58:52Z,2026-09-02T23:17:11Z
fullsend#6761,fullsend#6749,named,5.7,2026-09-04T10:06:43Z,2026-08-29T18:09:34Z
fullsend#6783,fullsend#6779,named,4.7,2026-09-04T10:06:43Z,2026-08-30T17:58:50Z
fullsend#6832,fullsend#6819,named,3.6,2026-09-04T10:06:43Z,2026-08-31T20:51:41Z
fullsend#6839,fullsend#6789,named,3.3,2026-09-04T10:06:43Z,2026-09-01T03:29:44Z
fullsend#6500,fullsend#6495,named,12.5,2026-09-04T10:18:52Z,2026-08-22T21:29:13Z
fullsend#7005,fullsend#6500,named,0.0,2026-09-04T11:10:15Z,2026-09-04T10:18:52Z
fullsend#6754,fullsend#6752,causal+named,2.9,2026-09-04T17:56:38Z,2026-09-01T20:24:38Z
fullsend#6756,fullsend#6752,causal+named,2.9,2026-09-04T18:19:43Z,2026-09-01T20:24:38Z
fullsend#6756,fullsend#6754,causal+named,0.0,2026-09-04T18:19:43Z,2026-09-04T17:56:38Z
fullsend#7025,fullsend#7024,named,0.0,2026-09-04T22:47:28Z,2026-09-04T21:36:33Z
fullsend#7028,fullsend#7025,named,0.1,2026-09-05T00:50:41Z,2026-09-04T22:47:28Z
agents#1181,fullsend#6010,named,4.0,2026-09-05T13:10:06Z,2026-09-01T12:09:46Z
fullsend#7038,fullsend#6756,causal+named,0.9,2026-09-05T15:22:09Z,2026-09-04T18:19:43Z
fullsend#7038,fullsend#7025,causal+named,0.7,2026-09-05T15:22:09Z,2026-09-04T22:47:28Z
fullsend#7038,fullsend#7028,causal+named,0.6,2026-09-05T15:22:09Z,2026-09-05T00:50:41Z
agents#1178,agents#1181,named,0.2,2026-09-05T17:35:59Z,2026-09-05T13:10:06Z
agents#1178,fullsend#6754,named,1.0,2026-09-05T17:35:59Z,2026-09-04T17:56:38Z
agents#1178,fullsend#7038,named,0.1,2026-09-05T17:35:59Z,2026-09-05T15:22:09Z
fullsend#7049,agents#1178,named,0.1,2026-09-05T19:54:51Z,2026-09-05T17:35:59Z
fullsend#7070,fullsend#6434,causal+named,0.2,2026-09-07T11:06:35Z,2026-09-07T06:56:11Z
fullsend#7077,fullsend#7070,named,0.1,2026-09-07T13:27:47Z,2026-09-07T11:06:35Z
fullsend#7053,fullsend#6986,causal+named,2.7,2026-09-07T13:34:43Z,2026-09-04T19:48:15Z
fullsend#6085,fullsend#5950,named,29.8,2026-09-08T08:05:23Z,2026-08-09T14:05:13Z
fullsend#6085,fullsend#6037,named,27.8,2026-09-08T08:05:23Z,2026-08-11T12:27:12Z
fullsend#7060,fullsend#6437,causal+named,17.9,2026-09-08T08:26:21Z,2026-08-21T10:30:59Z
fullsend#6130,fullsend#5736,named,27.9,2026-09-08T12:12:04Z,2026-08-11T15:31:24Z
fullsend#6130,fullsend#6035,named,26.9,2026-09-08T12:12:04Z,2026-08-12T15:05:33Z
fullsend#6130,fullsend#6062,named,25.8,2026-09-08T12:12:04Z,2026-08-13T17:56:00Z
fullsend#6130,fullsend#6066,named,25.8,2026-09-08T12:12:04Z,2026-08-13T17:36:10Z
fullsend#6130,fullsend#6078,named,27.5,2026-09-08T12:12:04Z,2026-08-12T01:01:17Z
fullsend#7094,fullsend#6677,named,7.7,2026-09-08T12:12:05Z,2026-08-31T18:33:16Z
fullsend#6428,fullsend#6217,named,18.8,2026-09-08T12:14:37Z,2026-08-20T17:32:44Z
fullsend#7086,fullsend#6549,named,14.9,2026-09-08T12:56:06Z,2026-08-24T14:30:42Z
agents#1194,agents#1160,named,5.3,2026-09-08T19:20:41Z,2026-09-03T11:40:50Z
agents#1194,fullsend#7038,named,3.2,2026-09-08T19:20:41Z,2026-09-05T15:22:09Z
agents#1194,fullsend#7044,named,3.1,2026-09-08T19:20:41Z,2026-09-05T17:27:55Z
fullsend#7113,fullsend#6930,named,0.1,2026-09-08T19:46:20Z,2026-09-08T17:49:55Z
fullsend#7139,fullsend#7099,named,0.1,2026-09-09T10:32:00Z,2026-09-09T08:40:34Z
agents#1211,agents#1178,named,3.8,2026-09-09T13:31:18Z,2026-09-05T17:35:59Z
fullsend#7116,agents#1194,named,0.8,2026-09-09T14:31:20Z,2026-09-08T19:20:41Z
fullsend#7116,agents#1211,named,0.0,2026-09-09T14:31:20Z,2026-09-09T13:31:18Z
agents#1209,agents#1194,named,0.8,2026-09-09T14:34:20Z,2026-09-08T19:20:41Z
agents#1209,agents#1211,named,0.0,2026-09-09T14:34:20Z,2026-09-09T13:31:18Z
fullsend#6880,fullsend#6711,named,8.0,2026-09-09T18:58:17Z,2026-09-01T19:01:57Z
fullsend#6465,fullsend#6355,causal+named,18.9,2026-09-09T18:58:18Z,2026-08-21T20:31:16Z
fullsend#6470,fullsend#6446,named,18.9,2026-09-09T18:58:18Z,2026-08-21T22:00:13Z
fullsend#6938,fullsend#6908,causal+named,7.4,2026-09-10T07:30:55Z,2026-09-02T21:24:20Z
fullsend#6383,fullsend#6459,named,0.9,2026-09-10T11:35:58Z,2026-09-09T14:51:18Z
agents#1094,agents#1050,named,15.4,2026-09-11T12:04:27Z,2026-08-27T01:18:01Z
agents#1094,fullsend#6568,named,17.5,2026-09-11T12:04:27Z,2026-08-24T23:33:01Z
agents#1094,fullsend#6616,named,15.7,2026-09-11T12:04:27Z,2026-08-26T20:08:03Z
agents#1094,fullsend#6744,named,10.7,2026-09-11T12:04:27Z,2026-08-31T20:16:30Z
fullsend#7205,fullsend#6470,named,1.8,2026-09-11T13:32:06Z,2026-09-09T18:58:18Z
fullsend#7188,fullsend#6880,causal+named,5.2,2026-09-15T00:36:11Z,2026-09-09T18:58:17Z
fullsend#6935,fullsend#6908,named,12.5,2026-09-15T09:17:55Z,2026-09-02T21:24:20Z
agents#1315,agents#1311,causal+named,0.3,2026-09-16T06:27:00Z,2026-09-15T22:45:29Z
fullsend#6909,fullsend#6956,named,0.7,2026-09-16T07:11:56Z,2026-09-15T14:38:00Z
fullsend#7308,fullsend#7302,named,1.0,2026-09-16T09:56:53Z,2026-09-15T10:11:18Z
agents#1313,agents#1301,named,0.5,2026-09-16T09:57:52Z,2026-09-15T21:41:12Z
fullsend#7374,fullsend#7368,named,0.1,2026-09-16T16:24:30Z,2026-09-16T13:58:07Z
fullsend#7341,fullsend#7333,causal+named,0.9,2026-09-16T23:22:45Z,2026-09-16T00:56:47Z
fullsend#7383,fullsend#7368,named,0.4,2026-09-16T23:26:21Z,2026-09-16T13:58:07Z
fullsend#7383,fullsend#7374,named,0.3,2026-09-16T23:26:21Z,2026-09-16T16:24:30Z
fullsend#7370,fullsend#6845,named,1.0,2026-09-17T11:20:41Z,2026-09-16T11:31:38Z
fullsend#7253,fullsend#7244,causal+named,5.5,2026-09-17T14:39:57Z,2026-09-12T02:29:45Z
fullsend#7408,fullsend#7262,named,3.8,2026-09-17T15:08:30Z,2026-09-13T20:55:36Z
fullsend#7227,fullsend#6301,named,22.4,2026-09-17T17:46:49Z,2026-08-26T08:48:02Z
fullsend#7267,fullsend#6572,causal+named,23.7,2026-09-17T17:46:49Z,2026-08-25T01:26:10Z
fullsend#7061,fullsend#6675,causal+named,16.3,2026-09-17T18:11:59Z,2026-09-01T09:50:03Z
agents#1257,agents#835,named,0.4,2026-09-17T21:59:27Z,2026-09-17T11:53:20Z
agents#1358,agents#1257,named,0.6,2026-09-18T12:50:51Z,2026-09-17T21:59:27Z
fullsend#6603,fullsend#6429,named,23.9,2026-09-18T13:50:32Z,2026-08-25T16:42:28Z
fullsend#6603,fullsend#7009,named,0.8,2026-09-18T13:50:32Z,2026-09-17T18:22:07Z
fullsend#7442,fullsend#7096,causal+named,0.3,2026-09-18T14:36:41Z,2026-09-18T07:37:40Z
fullsend#7431,fullsend#7418,causal+named,0.6,2026-09-18T14:38:26Z,2026-09-17T23:21:30Z
fullsend#7212,fullsend#6383,causal+named,8.1,2026-09-18T14:38:42Z,2026-09-10T11:35:58Z
fullsend#7033,fullsend#7025,named,13.7,2026-09-18T14:52:22Z,2026-09-04T22:47:28Z
fullsend#7432,fullsend#7420,named,0.6,2026-09-18T14:52:22Z,2026-09-17T23:27:06Z
fullsend#6503,fullsend#6491,named,26.7,2026-09-18T14:54:13Z,2026-08-22T22:16:44Z
fullsend#7454,fullsend#6603,named,0.2,2026-09-18T19:12:54Z,2026-09-18T13:50:32Z
fullsend#7512,fullsend#7510,causal+named,0.0,2026-09-21T01:41:16Z,2026-09-21T00:51:35Z
fullsend#7514,fullsend#7506,named,0.9,2026-09-21T13:36:18Z,2026-09-20T16:55:31Z
fullsend#7514,fullsend#7508,named,0.7,2026-09-21T13:36:18Z,2026-09-20T20:50:35Z
fullsend#7515,fullsend#7510,causal+named,0.6,2026-09-21T14:06:15Z,2026-09-21T00:51:35Z
fullsend#7515,fullsend#7512,causal+named,0.5,2026-09-21T14:06:15Z,2026-09-21T01:41:16Z
agents#1403,agents#1386,revert,0.2,2026-09-22T09:51:13Z,2026-09-22T05:42:24Z
fullsend#7557,fullsend#7530,named,0.1,2026-09-22T19:07:17Z,2026-09-22T16:35:01Z
fullsend#7562,fullsend#7557,named,0.2,2026-09-22T23:05:35Z,2026-09-22T19:07:17Z
fullsend#7040,agents#1181,causal+named,17.8,2026-09-23T09:08:14Z,2026-09-05T13:10:06Z
fullsend#7040,fullsend#6647,causal,26.5,2026-09-23T09:08:14Z,2026-08-27T19:56:31Z
fullsend#7040,fullsend#7028,causal+named,18.3,2026-09-23T09:08:14Z,2026-09-05T00:50:41Z
fullsend#7064,fullsend#7049,named,17.6,2026-09-23T09:25:00Z,2026-09-05T19:54:51Z
fullsend#7573,fullsend#6952,causal+named,0.5,2026-09-23T09:46:29Z,2026-09-22T21:35:12Z
fullsend#7620,fullsend#7584,named,0.5,2026-09-23T22:23:04Z,2026-09-23T09:46:29Z
fullsend#7575,fullsend#6647,causal+named,27.1,2026-09-23T23:19:59Z,2026-08-27T19:56:31Z
fullsend#7575,fullsend#7562,causal+named,1.0,2026-09-23T23:19:59Z,2026-09-22T23:05:35Z
fullsend#7566,fullsend#7266,named,1.1,2026-09-23T23:20:56Z,2026-09-22T20:58:42Z
fullsend#7626,fullsend#7557,named,1.2,2026-09-24T00:16:57Z,2026-09-22T19:07:17Z
agents#1473,agents#1244,named,0.1,2026-09-24T08:47:54Z,2026-09-24T07:02:07Z
agents#1418,agents#1386,named,2.3,2026-09-24T12:19:34Z,2026-09-22T05:42:24Z
fullsend#7666,fullsend#7647,causal+named,0.7,2026-09-24T18:08:28Z,2026-09-24T02:25:05Z
fullsend#7697,fullsend#7669,causal+named,0.2,2026-09-24T23:58:54Z,2026-09-24T20:06:50Z
fullsend#7703,fullsend#7530,causal+named,2.8,2026-09-25T12:21:53Z,2026-09-22T16:35:01Z
fullsend#7703,fullsend#7557,causal+named,2.7,2026-09-25T12:21:53Z,2026-09-22T19:07:17Z
fullsend#7703,fullsend#7626,causal+named,1.5,2026-09-25T12:21:53Z,2026-09-24T00:16:57Z
agents#1274,fullsend#6311,named,1.3,2026-09-25T13:12:59Z,2026-09-24T07:07:01Z
fullsend#7437,fullsend#7272,named,8.2,2026-09-25T13:18:14Z,2026-09-17T09:13:12Z
fullsend#7625,fullsend#6754,named,20.8,2026-09-25T13:18:14Z,2026-09-04T17:56:38Z
agents#1380,fullsend#7454,named,6.9,2026-09-25T16:21:40Z,2026-09-18T19:12:54Z
fullsend#7705,fullsend#7213,named,4.0,2026-09-25T18:48:03Z,2026-09-21T19:42:17Z
fullsend#7720,agents#1506,named,0.0,2026-09-25T20:12:03Z,2026-09-25T19:49:59Z
fullsend#7690,fullsend#7664,named,1.1,2026-09-25T21:10:23Z,2026-09-24T18:54:42Z
fullsend#7636,fullsend#7525,named,0.3,2026-09-26T00:59:45Z,2026-09-25T17:33:02Z
fullsend#7755,fullsend#7638,named,0.1,2026-09-26T16:57:53Z,2026-09-26T14:23:01Z
fullsend#7778,fullsend#6051,named,4.7,2026-09-27T18:03:42Z,2026-09-23T01:30:58Z
fullsend#6823,fullsend#6819,named,27.0,2026-09-27T20:21:00Z,2026-08-31T20:51:41Z
fullsend#7586,fullsend#7557,named,5.8,2026-09-28T13:25:55Z,2026-09-22T19:07:17Z
fullsend#7586,fullsend#7562,named,5.6,2026-09-28T13:25:55Z,2026-09-22T23:05:35Z
fullsend#7813,fullsend#7780,named,0.0,2026-09-28T23:44:46Z,2026-09-28T22:36:29Z
fullsend#7233,agents#1513,named,0.0,2026-09-29T19:44:29Z,2026-09-29T19:22:39Z
fullsend#7845,fullsend#7233,named,0.1,2026-09-29T22:18:31Z,2026-09-29T19:44:29Z
agents#1557,agents#1513,named,0.1,2026-09-29T22:21:06Z,2026-09-29T19:22:39Z
agents#1557,fullsend#7233,named,0.1,2026-09-29T22:21:06Z,2026-09-29T19:44:29Z
agents#1557,fullsend#7845,named,0.0,2026-09-29T22:21:06Z,2026-09-29T22:18:31Z
fullsend#7847,agents#1513,causal+named,0.6,2026-09-30T09:22:07Z,2026-09-29T19:22:39Z
fullsend#7847,fullsend#7233,causal+named,0.6,2026-09-30T09:22:07Z,2026-09-29T19:44:29Z
fullsend#7847,fullsend#7266,causal+named,7.5,2026-09-30T09:22:07Z,2026-09-22T20:58:42Z
fullsend#7843,fullsend#7398,named,2.9,2026-09-30T11:06:42Z,2026-09-27T13:37:54Z
fullsend#7866,fullsend#7843,named,0.1,2026-09-30T14:02:45Z,2026-09-30T11:06:42Z
fullsend#7866,fullsend#7863,named,0.0,2026-09-30T14:02:45Z,2026-09-30T14:02:35Z
fullsend#7844,fullsend#7398,named,3.0,2026-09-30T14:02:56Z,2026-09-27T13:37:54Z
fullsend#7844,fullsend#7843,named,0.1,2026-09-30T14:02:56Z,2026-09-30T11:06:42Z
fullsend#7865,fullsend#7233,named,0.8,2026-09-30T15:48:26Z,2026-09-29T19:44:29Z
fullsend#7865,fullsend#7847,named,0.3,2026-09-30T15:48:26Z,2026-09-30T09:22:07Z
fullsend#7826,fullsend#7812,causal+named,1.9,2026-09-30T21:46:14Z,2026-09-28T23:59:11Z
agents#1502,fullsend#7718,named,0.0,2026-10-01T00:34:21Z,2026-09-30T23:53:50Z
fullsend#7239,fullsend#6972,named,19.3,2026-10-01T02:34:25Z,2026-09-11T18:24:23Z
agents#1560,fullsend#6314,named,21.0,2026-10-01T07:52:32Z,2026-09-10T08:02:52Z
fullsend#7900,fullsend#7052,revert,0.2,2026-10-01T11:40:19Z,2026-10-01T07:47:57Z
fullsend#7817,fullsend#7759,named,2.8,2026-10-01T13:50:08Z,2026-09-28T19:38:01Z
fullsend#7925,fullsend#7826,causal+named,0.9,2026-10-01T18:16:28Z,2026-09-30T21:46:14Z
fullsend#7934,fullsend#7747,named,0.2,2026-10-01T19:35:47Z,2026-10-01T15:16:55Z
fullsend#7827,fullsend#7747,named,0.2,2026-10-01T20:40:23Z,2026-10-01T15:16:55Z
fullsend#7928,fullsend#7887,causal+named,0.2,2026-10-01T20:40:23Z,2026-10-01T15:08:08Z
fullsend#7932,fullsend#7923,causal+named,0.2,2026-10-01T20:40:23Z,2026-10-01T16:42:20Z
fullsend#7922,fullsend#7865,named,1.2,2026-10-01T21:12:04Z,2026-09-30T15:48:26Z
fullsend#7936,fullsend#7916,named,0.2,2026-10-01T21:48:01Z,2026-10-01T17:13:42Z
fullsend#7944,fullsend#7827,named,0.0,2026-10-01T21:48:52Z,2026-10-01T20:40:23Z
fullsend#7938,fullsend#7827,named,0.1,2026-10-01T22:07:59Z,2026-10-01T20:40:23Z
fullsend#7917,fullsend#7916,causal+named,0.2,2026-10-01T22:24:19Z,2026-10-01T17:13:42Z
agents#1167,fullsend#6972,named,20.2,2026-10-01T22:43:06Z,2026-09-11T18:24:23Z
agents#1167,fullsend#7914,named,0.1,2026-10-01T22:43:06Z,2026-10-01T20:40:23Z
agents#1167,fullsend#7917,named,0.0,2026-10-01T22:43:06Z,2026-10-01T22:24:19Z
fullsend#7879,fullsend#6797,named,1.1,2026-10-01T22:47:05Z,2026-09-30T21:17:38Z
fullsend#7951,fullsend#7233,named,2.1,2026-10-01T23:05:07Z,2026-09-29T19:44:29Z
fullsend#7946,fullsend#7816,causal+named,0.1,2026-10-02T00:00:32Z,2026-10-01T20:40:23Z
agents#1576,agents#1575,named,0.4,2026-10-02T11:58:30Z,2026-10-02T02:40:34Z
fullsend#7967,fullsend#7817,causal+named,0.9,2026-10-02T12:26:47Z,2026-10-01T13:50:08Z
fullsend#7956,agents#1570,named,0.5,2026-10-02T12:37:19Z,2026-10-02T00:10:56Z
fullsend#7956,fullsend#7951,named,0.6,2026-10-02T12:37:19Z,2026-10-01T23:05:07Z
fullsend#7956,fullsend#7955,named,0.0,2026-10-02T12:37:19Z,2026-10-02T12:26:47Z
fullsend#7976,agents#1513,named,2.8,2026-10-02T15:13:47Z,2026-09-29T19:22:39Z
fullsend#7265,fullsend#7976,causal+named,0.1,2026-10-02T16:40:01Z,2026-10-02T15:13:47Z
fullsend#7016,agents#1167,named,0.8,2026-10-02T16:45:14Z,2026-10-01T22:43:06Z
fullsend#7977,fullsend#7265,named,0.0,2026-10-02T17:08:29Z,2026-10-02T16:40:01Z
fullsend#7977,fullsend#7976,named,0.1,2026-10-02T17:08:29Z,2026-10-02T15:13:47Z
fullsend#7995,fullsend#7016,causal+named,0.1,2026-10-02T18:50:00Z,2026-10-02T16:45:14Z
fullsend#7995,fullsend#7265,causal+named,0.1,2026-10-02T18:50:00Z,2026-10-02T16:40:01Z
fullsend#7995,fullsend#7266,causal+named,9.9,2026-10-02T18:50:00Z,2026-09-22T20:58:42Z
fullsend#7995,fullsend#7976,causal+named,0.2,2026-10-02T18:50:00Z,2026-10-02T15:13:47Z
fullsend#7986,fullsend#7995,causal+named,0.0,2026-10-02T20:00:41Z,2026-10-02T18:50:00Z
fullsend#8008,agents#1597,causal+named,0.0,2026-10-02T22:35:26Z,2026-10-02T21:49:50Z
fullsend#8008,fullsend#7995,causal+named,0.2,2026-10-02T22:35:26Z,2026-10-02T18:50:00Z
fullsend#8002,fullsend#7995,causal+named,0.2,2026-10-02T23:08:16Z,2026-10-02T18:50:00Z
agents#1596,agents#1597,named,0.1,2026-10-03T00:20:30Z,2026-10-02T21:49:50Z
agents#1596,fullsend#7995,named,0.2,2026-10-03T00:20:30Z,2026-10-02T18:50:00Z
agents#1596,fullsend#8008,named,0.1,2026-10-03T00:20:30Z,2026-10-02T22:35:26Z
fullsend#7957,fullsend#7943,causal+named,1.0,2026-10-03T00:36:34Z,2026-10-02T00:36:54Z
fullsend#8021,fullsend#7945,causal+named,0.1,2026-10-03T03:19:20Z,2026-10-03T00:33:27Z
fullsend#8020,fullsend#7759,causal+named,4.3,2026-10-03T03:44:03Z,2026-09-28T19:38:01Z
fullsend#8020,fullsend#7945,causal+named,0.1,2026-10-03T03:44:03Z,2026-10-03T00:33:27Z
fullsend#8045,fullsend#8015,causal+named,0.1,2026-10-03T15:18:46Z,2026-10-03T11:59:03Z
fullsend#8045,fullsend#8021,causal+named,0.5,2026-10-03T15:18:46Z,2026-10-03T03:19:20Z
agents#1599,agents#1596,causal+named,0.6,2026-10-03T15:26:59Z,2026-10-03T00:20:30Z
agents#1599,fullsend#8017,causal+named,0.0,2026-10-03T15:26:59Z,2026-10-03T15:13:33Z
agents#1599,fullsend#8019,causal+named,0.1,2026-10-03T15:26:59Z,2026-10-03T14:04:40Z
agents#1594,agents#1593,named,1.0,2026-10-03T18:22:02Z,2026-10-02T18:18:58Z
fullsend#8053,fullsend#8017,causal+named,0.2,2026-10-03T20:06:44Z,2026-10-03T15:13:33Z
fullsend#8053,fullsend#8045,causal+named,0.2,2026-10-03T20:06:44Z,2026-10-03T15:18:46Z
fullsend#8074,fullsend#7943,causal+named,3.0,2026-10-05T00:03:09Z,2026-10-02T00:36:54Z
fullsend#8074,fullsend#7945,causal+named,2.0,2026-10-05T00:03:09Z,2026-10-03T00:33:27Z
fullsend#8074,fullsend#7986,causal+named,2.2,2026-10-05T00:03:09Z,2026-10-02T20:00:41Z
fullsend#8074,fullsend#7996,causal+named,2.1,2026-10-05T00:03:09Z,2026-10-02T21:51:13Z
fullsend#8074,fullsend#8026,causal+named,0.2,2026-10-05T00:03:09Z,2026-10-04T19:44:09Z
fullsend#7842,fullsend#7682,named,3.7,2026-10-06T14:02:03Z,2026-10-02T20:07:39Z
fullsend#7829,fullsend#7747,named,5.1,2026-10-06T16:44:18Z,2026-10-01T15:16:55Z
fullsend#8126,fullsend#8026,causal+named,2.1,2026-10-06T22:01:46Z,2026-10-04T19:44:09Z
fullsend#8126,fullsend#8072,causal+named,0.9,2026-10-06T22:01:46Z,2026-10-06T00:23:34Z
fullsend#8124,fullsend#7848,causal+named,0.7,2026-10-07T12:45:59Z,2026-10-06T20:57:31Z
fullsend#8134,fullsend#8120,causal+named,0.5,2026-10-07T14:38:54Z,2026-10-07T01:53:29Z
fullsend#8164,fullsend#8150,causal+named,0.1,2026-10-07T21:31:01Z,2026-10-07T19:50:18Z
fullsend#8162,fullsend#8150,causal+named,0.1,2026-10-07T22:32:48Z,2026-10-07T19:50:18Z
