fix,original,verdict,severity,judged_by,judged_at
agents#1010,agents#776,defect_from_original,medium,ai (replay 2026-10),2026-10-05
agents#1031,agents#1028,not_related,,ai (replay 2026-10),2026-10-05
agents#1031,agents#827,later_change,,ai (replay 2026-10),2026-10-05
agents#1038,agents#861,defect_from_original,low,ai (replay 2026-10),2026-10-05
agents#1049,fullsend#6616,not_related,,ai (replay 2026-10),2026-10-05
agents#1050,fullsend#6568,not_related,,ai (replay 2026-10),2026-10-05
agents#1063,agents#1050,defect_from_original,high,ai (replay 2026-10),2026-10-05
agents#1068,agents#921,not_related,,ai (replay 2026-10),2026-10-05
agents#1068,agents#960,not_related,,ai (replay 2026-10),2026-10-05
agents#1081,agents#965,not_related,,ai (replay 2026-10),2026-10-05
agents#109,agents#96,not_related,,ai (replay 2026-10),2026-10-05
agents#1094,agents#1050,not_related,,ai (replay 2026-10),2026-10-05
agents#1094,fullsend#6568,not_related,,ai (replay 2026-10),2026-10-05
agents#1094,fullsend#6616,not_related,,ai (replay 2026-10),2026-10-05
agents#1094,fullsend#6744,not_related,,ai (replay 2026-10),2026-10-05
agents#1096,agents#861,not_related,,ai (replay 2026-10),2026-10-05
agents#1101,agents#1075,defect_from_original,high,ai (replay 2026-10),2026-10-05
agents#1118,agents#1041,not_related,,ai (replay 2026-10),2026-10-05
agents#1124,agents#1085,not_related,,ai (replay 2026-10),2026-10-05
agents#1124,agents#481,defect_from_original,medium,ai (replay 2026-10),2026-10-05
agents#114,fullsend#2098,not_related,,ai (replay 2026-10),2026-10-05
agents#1150,agents#1075,not_related,,ai (replay 2026-10),2026-10-05
agents#1150,agents#1124,not_related,,ai (replay 2026-10),2026-10-05
agents#1178,agents#1096,not_related,,ai (replay 2026-10),2026-10-05
agents#1178,agents#1160,not_related,,ai (replay 2026-10),2026-10-05
agents#1181,fullsend#6010,not_related,,ai (replay 2026-10),2026-10-05
agents#1185,agents#1075,not_related,,ai (replay 2026-10),2026-10-05
agents#1185,agents#960,not_related,,ai (replay 2026-10),2026-10-05
agents#119,agents#90,not_related,,ai (replay 2026-10),2026-10-05
agents#1196,agents#1049,not_related,,ai (replay 2026-10),2026-10-05
agents#1196,agents#815,not_related,,ai (replay 2026-10),2026-10-05
agents#12,agents#8,not_related,,ai (replay 2026-10),2026-10-05
agents#12,agents#9,not_related,,ai (replay 2026-10),2026-10-05
agents#1211,agents#1178,defect_from_original,medium,ai (replay 2026-10),2026-10-05
agents#1232,agents#1257,not_related,,ai (replay 2026-10),2026-10-05
agents#1232,agents#1415,not_related,,ai (replay 2026-10),2026-10-05
agents#124,agents#10,defect_from_original,medium,ai (replay 2026-10),2026-10-05
agents#1257,agents#835,not_related,,ai (replay 2026-10),2026-10-05
agents#1261,agents#975,not_related,,ai (replay 2026-10),2026-10-05
agents#1285,agents#1109,not_related,,ai (replay 2026-10),2026-10-05
agents#1296,agents#872,not_related,,ai (replay 2026-10),2026-10-05
agents#1301,agents#872,not_related,,ai (replay 2026-10),2026-10-05
agents#1301,agents#957,not_related,,ai (replay 2026-10),2026-10-05
agents#1313,agents#1301,not_related,,ai (replay 2026-10),2026-10-05
agents#1397,agents#1124,not_related,,ai (replay 2026-10),2026-10-05
agents#1418,agents#1386,defect_from_original,high,ai (replay 2026-10),2026-10-05
agents#1473,agents#1244,defect_from_original,medium,ai (replay 2026-10),2026-10-05
agents#1490,agents#1124,not_related,,ai (replay 2026-10),2026-10-05
agents#15,agents#12,later_change,,ai (replay 2026-10),2026-10-05
agents#1502,fullsend#7718,later_change,,ai (replay 2026-10),2026-10-05
agents#1513,agents#1041,later_change,,ai (replay 2026-10),2026-10-05
agents#1557,agents#1513,defect_from_original,high,ai (replay 2026-10),2026-10-05
agents#1560,fullsend#6314,not_related,,ai (replay 2026-10),2026-10-05
agents#157,agents#114,not_related,,ai (replay 2026-10),2026-10-05
agents#1594,agents#1593,defect_from_original,medium,ai (replay 2026-10),2026-10-05
agents#1599,agents#1596,not_related,,ai (replay 2026-10),2026-10-05
agents#171,agents#12,not_related,,ai (replay 2026-10),2026-10-05
agents#171,agents#178,not_related,,ai (replay 2026-10),2026-10-05
agents#173,agents#12,not_related,,ai (replay 2026-10),2026-10-05
agents#173,agents#171,not_related,,ai (replay 2026-10),2026-10-05
agents#178,agents#12,not_related,,ai (replay 2026-10),2026-10-05
agents#183,agents#148,not_related,,ai (replay 2026-10),2026-10-05
agents#183,agents#31,later_change,,ai (replay 2026-10),2026-10-05
agents#184,agents#148,defect_from_original,high,ai (replay 2026-10),2026-10-05
agents#187,agents#184,defect_from_original,low,ai (replay 2026-10),2026-10-05
agents#192,agents#171,not_related,,ai (replay 2026-10),2026-10-05
agents#192,agents#284,not_related,,ai (replay 2026-10),2026-10-05
agents#196,agents#12,not_related,,ai (replay 2026-10),2026-10-05
agents#205,agents#148,defect_from_original,high,ai (replay 2026-10),2026-10-05
agents#225,agents#38,not_related,,ai (replay 2026-10),2026-10-05
agents#24,agents#12,defect_from_original,high,ai (replay 2026-10),2026-10-05
agents#243,agents#196,defect_from_original,low,ai (replay 2026-10),2026-10-05
agents#253,agents#172,defect_from_original,low,ai (replay 2026-10),2026-10-05
agents#296,agents#12,not_related,,ai (replay 2026-10),2026-10-05
agents#296,agents#56,not_related,,ai (replay 2026-10),2026-10-05
agents#303,agents#37,not_related,,ai (replay 2026-10),2026-10-05
agents#35,fullsend#3182,not_related,,ai (replay 2026-10),2026-10-05
agents#359,agents#173,not_related,,ai (replay 2026-10),2026-10-05
agents#363,agents#171,not_related,,ai (replay 2026-10),2026-10-05
agents#363,agents#98,not_related,,ai (replay 2026-10),2026-10-05
agents#371,agents#12,not_related,,ai (replay 2026-10),2026-10-05
agents#371,agents#363,not_related,,ai (replay 2026-10),2026-10-05
agents#377,agents#192,not_related,,ai (replay 2026-10),2026-10-05
agents#377,agents#415,later_change,,ai (replay 2026-10),2026-10-05
agents#381,agents#183,defect_from_original,low,ai (replay 2026-10),2026-10-05
agents#392,agents#371,not_related,,ai (replay 2026-10),2026-10-05
agents#40,agents#12,not_related,,ai (replay 2026-10),2026-10-05
agents#40,agents#8,not_related,,ai (replay 2026-10),2026-10-05
agents#41,fullsend#3393,not_related,,ai (replay 2026-10),2026-10-05
agents#415,fullsend#5395,later_change,,ai (replay 2026-10),2026-10-05
agents#415,fullsend#5425,not_related,,ai (replay 2026-10),2026-10-05
agents#481,agents#686,not_related,,ai (replay 2026-10),2026-10-05
agents#481,agents#855,not_related,,ai (replay 2026-10),2026-10-05
agents#488,agents#508,not_related,,ai (replay 2026-10),2026-10-05
agents#488,agents#548,not_related,,ai (replay 2026-10),2026-10-05
agents#49,agents#32,not_related,,ai (replay 2026-10),2026-10-05
agents#498,agents#326,not_related,,ai (replay 2026-10),2026-10-05
agents#498,agents#389,later_change,,ai (replay 2026-10),2026-10-05
agents#527,agents#53,later_change,,ai (replay 2026-10),2026-10-05
agents#53,agents#415,not_related,,ai (replay 2026-10),2026-10-05
agents#53,agents#434,not_related,,ai (replay 2026-10),2026-10-05
agents#533,agents#359,not_related,,ai (replay 2026-10),2026-10-05
agents#536,agents#53,not_related,,ai (replay 2026-10),2026-10-05
agents#536,agents#69,not_related,,ai (replay 2026-10),2026-10-05
agents#548,agents#38,defect_from_original,low,ai (replay 2026-10),2026-10-05
agents#548,agents#508,not_related,,ai (replay 2026-10),2026-10-05
agents#55,agents#12,not_related,,ai (replay 2026-10),2026-10-05
agents#59,agents#12,not_related,,ai (replay 2026-10),2026-10-05
agents#591,agents#488,not_related,,ai (replay 2026-10),2026-10-05
agents#595,agents#392,defect_from_original,low,ai (replay 2026-10),2026-10-05
agents#601,agents#415,not_related,,ai (replay 2026-10),2026-10-05
agents#607,agents#392,not_related,,ai (replay 2026-10),2026-10-05
agents#62,agents#3,not_related,,ai (replay 2026-10),2026-10-05
agents#62,agents#59,defect_from_original,low,ai (replay 2026-10),2026-10-05
agents#622,fullsend#5654,not_related,,ai (replay 2026-10),2026-10-05
agents#647,agents#392,not_related,,ai (replay 2026-10),2026-10-05
agents#658,agents#377,not_related,,ai (replay 2026-10),2026-10-05
agents#658,agents#631,not_related,,ai (replay 2026-10),2026-10-05
agents#66,agents#12,later_change,,ai (replay 2026-10),2026-10-05
agents#66,agents#62,not_related,,ai (replay 2026-10),2026-10-05
agents#671,agents#591,not_related,,ai (replay 2026-10),2026-10-05
agents#69,agents#3,not_related,,ai (replay 2026-10),2026-10-05
agents#69,agents#41,defect_from_original,low,ai (replay 2026-10),2026-10-05
agents#708,agents#592,not_related,,ai (replay 2026-10),2026-10-05
agents#719,agents#548,not_related,,ai (replay 2026-10),2026-10-05
agents#719,agents#595,not_related,,ai (replay 2026-10),2026-10-05
agents#73,agents#31,defect_from_original,medium,ai (replay 2026-10),2026-10-05
agents#751,agents#671,not_related,,ai (replay 2026-10),2026-10-05
agents#76,agents#73,not_related,,ai (replay 2026-10),2026-10-05
agents#766,agents#533,not_related,,ai (replay 2026-10),2026-10-05
agents#84,agents#10,defect_from_original,medium,ai (replay 2026-10),2026-10-05
agents#855,agents#813,defect_from_original,low,ai (replay 2026-10),2026-10-05
agents#872,agents#813,later_change,,ai (replay 2026-10),2026-10-05
agents#872,agents#815,not_related,,ai (replay 2026-10),2026-10-05
agents#872,agents#817,not_related,,ai (replay 2026-10),2026-10-05
agents#883,agents#211,defect_from_original,medium,ai (replay 2026-10),2026-10-05
agents#887,agents#481,not_related,,ai (replay 2026-10),2026-10-05
agents#887,agents#813,not_related,,ai (replay 2026-10),2026-10-05
agents#90,agents#89,not_related,,ai (replay 2026-10),2026-10-05
agents#917,agents#820,not_related,,ai (replay 2026-10),2026-10-05
agents#917,agents#827,not_related,,ai (replay 2026-10),2026-10-05
agents#921,agents#872,not_related,,ai (replay 2026-10),2026-10-05
agents#921,agents#918,not_related,,ai (replay 2026-10),2026-10-05
agents#928,agents#917,defect_from_original,medium,ai (replay 2026-10),2026-10-05
agents#934,agents#921,not_related,,ai (replay 2026-10),2026-10-05
agents#946,agents#813,not_related,,ai (replay 2026-10),2026-10-05
agents#946,agents#872,not_related,,ai (replay 2026-10),2026-10-05
agents#948,agents#400,defect_from_original,high,ai (replay 2026-10),2026-10-05
agents#948,agents#908,not_related,,ai (replay 2026-10),2026-10-05
agents#957,agents#934,later_change,,ai (replay 2026-10),2026-10-05
agents#957,agents#946,defect_from_original,medium,ai (replay 2026-10),2026-10-05
agents#957,agents#960,defect_from_original,low,ai (replay 2026-10),2026-10-05
agents#96,agents#40,not_related,,ai (replay 2026-10),2026-10-05
agents#960,agents#948,later_change,,ai (replay 2026-10),2026-10-05
agents#98,agents#66,defect_from_original,low,ai (replay 2026-10),2026-10-05
agents#991,agents#957,not_related,,ai (replay 2026-10),2026-10-05
fullsend#1009,fullsend#928,not_related,,ai (replay 2026-10),2026-10-05
fullsend#1009,fullsend#949,not_related,,ai (replay 2026-10),2026-10-05
fullsend#1016,fullsend#1110,not_related,,ai (replay 2026-10),2026-10-05
fullsend#1019,fullsend#1010,not_related,,ai (replay 2026-10),2026-10-05
fullsend#1019,fullsend#994,not_related,,ai (replay 2026-10),2026-10-05
fullsend#1020,fullsend#733,defect_from_original,low,ai (replay 2026-10),2026-10-05
fullsend#1021,fullsend#928,not_related,,ai (replay 2026-10),2026-10-05
fullsend#1021,fullsend#994,not_related,,ai (replay 2026-10),2026-10-05
fullsend#1022,fullsend#1063,not_related,,ai (replay 2026-10),2026-10-05
fullsend#1023,fullsend#799,not_related,,ai (replay 2026-10),2026-10-05
fullsend#1029,fullsend#764,not_related,,ai (replay 2026-10),2026-10-05
fullsend#1030,fullsend#1028,not_related,,ai (replay 2026-10),2026-10-05
fullsend#1030,fullsend#503,not_related,,ai (replay 2026-10),2026-10-05
fullsend#1030,fullsend#792,not_related,,ai (replay 2026-10),2026-10-05
fullsend#1033,fullsend#856,defect_from_original,medium,ai (replay 2026-10),2026-10-05
fullsend#1033,fullsend#953,not_related,,ai (replay 2026-10),2026-10-05
fullsend#1038,fullsend#764,not_related,,ai (replay 2026-10),2026-10-05
fullsend#1040,fullsend#1035,not_related,,ai (replay 2026-10),2026-10-05
fullsend#1045,fullsend#1038,defect_from_original,medium,ai (replay 2026-10),2026-10-05
fullsend#1049,fullsend#928,not_related,,ai (replay 2026-10),2026-10-05
fullsend#1053,fullsend#657,defect_from_original,medium,ai (replay 2026-10),2026-10-05
fullsend#1053,fullsend#968,not_related,,ai (replay 2026-10),2026-10-05
fullsend#1054,fullsend#815,not_related,,ai (replay 2026-10),2026-10-05
fullsend#1054,fullsend#843,not_related,,ai (replay 2026-10),2026-10-05
fullsend#1059,fullsend#1035,not_related,,ai (replay 2026-10),2026-10-05
fullsend#1059,fullsend#998,not_related,,ai (replay 2026-10),2026-10-05
fullsend#1063,fullsend#906,defect_from_original,high,ai (replay 2026-10),2026-10-05
fullsend#1071,fullsend#1045,not_related,,ai (replay 2026-10),2026-10-05
fullsend#1074,fullsend#1009,not_related,,ai (replay 2026-10),2026-10-05
fullsend#1074,fullsend#928,not_related,,ai (replay 2026-10),2026-10-05
fullsend#1079,fullsend#761,not_related,,ai (replay 2026-10),2026-10-05
fullsend#1079,fullsend#911,not_related,,ai (replay 2026-10),2026-10-05
fullsend#1104,fullsend#1010,not_related,,ai (replay 2026-10),2026-10-05
fullsend#1104,fullsend#1019,not_related,,ai (replay 2026-10),2026-10-05
fullsend#1108,fullsend#337,not_related,,ai (replay 2026-10),2026-10-05
fullsend#1112,fullsend#952,defect_from_original,low,ai (replay 2026-10),2026-10-05
fullsend#1112,fullsend#972,not_related,,ai (replay 2026-10),2026-10-05
fullsend#1113,fullsend#1035,not_related,,ai (replay 2026-10),2026-10-05
fullsend#1113,fullsend#821,not_related,,ai (replay 2026-10),2026-10-05
fullsend#1119,fullsend#1059,not_related,,ai (replay 2026-10),2026-10-05
fullsend#1121,fullsend#1119,not_related,,ai (replay 2026-10),2026-10-05
fullsend#1128,fullsend#1104,defect_from_original,medium,ai (replay 2026-10),2026-10-05
fullsend#1138,fullsend#1252,not_related,,ai (replay 2026-10),2026-10-05
fullsend#1138,fullsend#473,defect_from_original,medium,ai (replay 2026-10),2026-10-05
fullsend#1172,fullsend#1461,not_related,,ai (replay 2026-10),2026-10-05
fullsend#1177,fullsend#1079,defect_from_original,medium,ai (replay 2026-10),2026-10-05
fullsend#1177,fullsend#362,not_related,,ai (replay 2026-10),2026-10-05
fullsend#1177,fullsend#363,not_related,,ai (replay 2026-10),2026-10-05
fullsend#1178,fullsend#1311,not_related,,ai (replay 2026-10),2026-10-05
fullsend#1178,fullsend#564,not_related,,ai (replay 2026-10),2026-10-05
fullsend#1180,fullsend#1128,later_change,,ai (replay 2026-10),2026-10-05
fullsend#1180,fullsend#994,later_change,,ai (replay 2026-10),2026-10-05
fullsend#1187,fullsend#1039,not_related,,ai (replay 2026-10),2026-10-05
fullsend#1225,fullsend#1180,not_related,,ai (replay 2026-10),2026-10-05
fullsend#1238,fullsend#1780,not_related,,ai (replay 2026-10),2026-10-05
fullsend#1239,fullsend#1709,not_related,,ai (replay 2026-10),2026-10-05
fullsend#1246,fullsend#1040,not_related,,ai (replay 2026-10),2026-10-05
fullsend#1252,fullsend#799,not_related,,ai (replay 2026-10),2026-10-05
fullsend#1252,fullsend#906,not_related,,ai (replay 2026-10),2026-10-05
fullsend#1257,fullsend#1252,not_related,,ai (replay 2026-10),2026-10-05
fullsend#1307,fullsend#1234,not_related,,ai (replay 2026-10),2026-10-05
fullsend#1308,fullsend#1110,not_related,,ai (replay 2026-10),2026-10-05
fullsend#1311,fullsend#337,defect_from_original,medium,ai (replay 2026-10),2026-10-05
fullsend#1311,fullsend#473,not_related,,ai (replay 2026-10),2026-10-05
fullsend#1329,fullsend#1039,not_related,,ai (replay 2026-10),2026-10-05
fullsend#1332,fullsend#1119,not_related,,ai (replay 2026-10),2026-10-05
fullsend#1332,fullsend#1121,not_related,,ai (replay 2026-10),2026-10-05
fullsend#1348,fullsend#1040,not_related,,ai (replay 2026-10),2026-10-05
fullsend#1348,fullsend#1246,not_related,,ai (replay 2026-10),2026-10-05
fullsend#1388,fullsend#1110,not_related,,ai (replay 2026-10),2026-10-05
fullsend#1425,fullsend#1348,not_related,,ai (replay 2026-10),2026-10-05
fullsend#1425,fullsend#1427,not_related,,ai (replay 2026-10),2026-10-05
fullsend#1427,fullsend#1180,later_change,,ai (replay 2026-10),2026-10-05
fullsend#1436,fullsend#240,defect_from_original,low,ai (replay 2026-10),2026-10-05
fullsend#1436,fullsend#746,later_change,,ai (replay 2026-10),2026-10-05
fullsend#1448,fullsend#736,not_related,,ai (replay 2026-10),2026-10-05
fullsend#1448,fullsend#815,not_related,,ai (replay 2026-10),2026-10-05
fullsend#1457,fullsend#1231,not_related,,ai (replay 2026-10),2026-10-05
fullsend#1457,fullsend#1257,not_related,,ai (replay 2026-10),2026-10-05
fullsend#1463,fullsend#1388,defect_from_original,low,ai (replay 2026-10),2026-10-05
fullsend#1468,fullsend#1947,not_related,,ai (replay 2026-10),2026-10-05
fullsend#1479,fullsend#1308,not_related,,ai (replay 2026-10),2026-10-05
fullsend#1487,fullsend#1029,not_related,,ai (replay 2026-10),2026-10-05
fullsend#1487,fullsend#603,later_change,,ai (replay 2026-10),2026-10-05
fullsend#1495,fullsend#1755,not_related,,ai (replay 2026-10),2026-10-05
fullsend#1497,fullsend#1138,not_related,,ai (replay 2026-10),2026-10-05
fullsend#1531,fullsend#1487,not_related,,ai (replay 2026-10),2026-10-05
fullsend#1539,fullsend#1017,not_related,,ai (replay 2026-10),2026-10-05
fullsend#1543,fullsend#1029,not_related,,ai (replay 2026-10),2026-10-05
fullsend#1543,fullsend#974,defect_from_original,high,ai (replay 2026-10),2026-10-05
fullsend#1565,fullsend#1252,not_related,,ai (replay 2026-10),2026-10-05
fullsend#1571,fullsend#1017,later_change,,ai (replay 2026-10),2026-10-05
fullsend#1571,fullsend#1039,not_related,,ai (replay 2026-10),2026-10-05
fullsend#1573,fullsend#1841,not_related,,ai (replay 2026-10),2026-10-05
fullsend#1612,fullsend#1215,defect_from_original,medium,ai (replay 2026-10),2026-10-05
fullsend#1612,fullsend#862,not_related,,ai (replay 2026-10),2026-10-05
fullsend#1614,fullsend#1612,not_related,,ai (replay 2026-10),2026-10-05
fullsend#1620,fullsend#1261,not_related,,ai (replay 2026-10),2026-10-05
fullsend#1627,fullsend#1593,not_related,,ai (replay 2026-10),2026-10-05
fullsend#1627,fullsend#1729,not_related,,ai (replay 2026-10),2026-10-05
fullsend#1644,fullsend#1915,not_related,,ai (replay 2026-10),2026-10-05
fullsend#1645,fullsend#1020,defect_from_original,low,ai (replay 2026-10),2026-10-05
fullsend#1652,fullsend#1187,not_related,,ai (replay 2026-10),2026-10-05
fullsend#1664,fullsend#1261,defect_from_original,medium,ai (replay 2026-10),2026-10-05
fullsend#1664,fullsend#503,not_related,,ai (replay 2026-10),2026-10-05
fullsend#1669,fullsend#1497,defect_from_original,low,ai (replay 2026-10),2026-10-05
fullsend#167,fullsend#142,defect_from_original,medium,ai (replay 2026-10),2026-10-05
fullsend#1671,fullsend#1425,not_related,,ai (replay 2026-10),2026-10-05
fullsend#1671,fullsend#1663,not_related,,ai (replay 2026-10),2026-10-05
fullsend#1673,fullsend#1664,not_related,,ai (replay 2026-10),2026-10-05
fullsend#1681,fullsend#1690,not_related,,ai (replay 2026-10),2026-10-05
fullsend#1681,fullsend#791,later_change,,ai (replay 2026-10),2026-10-05
fullsend#1692,fullsend#1311,not_related,,ai (replay 2026-10),2026-10-05
fullsend#1692,fullsend#1333,not_related,,ai (replay 2026-10),2026-10-05
fullsend#1696,fullsend#1215,defect_from_original,medium,ai (replay 2026-10),2026-10-05
fullsend#1698,fullsend#1681,not_related,,ai (replay 2026-10),2026-10-05
fullsend#1703,fullsend#1664,not_related,,ai (replay 2026-10),2026-10-05
fullsend#1711,fullsend#1487,defect_from_original,medium,ai (replay 2026-10),2026-10-05
fullsend#1720,fullsend#1259,later_change,,ai (replay 2026-10),2026-10-05
fullsend#1723,fullsend#503,defect_from_original,low,ai (replay 2026-10),2026-10-05
fullsend#1729,fullsend#1307,defect_from_original,low,ai (replay 2026-10),2026-10-05
fullsend#1730,fullsend#1022,defect_from_original,medium,ai (replay 2026-10),2026-10-05
fullsend#1747,fullsend#1708,not_related,,ai (replay 2026-10),2026-10-05
fullsend#1755,fullsend#1329,not_related,,ai (replay 2026-10),2026-10-05
fullsend#1755,fullsend#1681,not_related,,ai (replay 2026-10),2026-10-05
fullsend#1779,fullsend#1074,not_related,,ai (replay 2026-10),2026-10-05
fullsend#1779,fullsend#1825,not_related,,ai (replay 2026-10),2026-10-05
fullsend#1782,fullsend#1550,defect_from_original,low,ai (replay 2026-10),2026-10-05
fullsend#1792,fullsend#1783,not_related,,ai (replay 2026-10),2026-10-05
fullsend#1793,fullsend#1550,defect_from_original,medium,ai (replay 2026-10),2026-10-05
fullsend#1796,fullsend#1022,not_related,,ai (replay 2026-10),2026-10-05
fullsend#1796,fullsend#1187,not_related,,ai (replay 2026-10),2026-10-05
fullsend#1802,fullsend#1793,defect_from_original,low,ai (replay 2026-10),2026-10-05
fullsend#1807,fullsend#765,not_related,,ai (replay 2026-10),2026-10-05
fullsend#1823,fullsend#1853,not_related,,ai (replay 2026-10),2026-10-05
fullsend#1825,fullsend#1029,not_related,,ai (replay 2026-10),2026-10-05
fullsend#1825,fullsend#995,not_related,,ai (replay 2026-10),2026-10-05
fullsend#1832,fullsend#1899,not_related,,ai (replay 2026-10),2026-10-05
fullsend#1833,fullsend#792,not_related,,ai (replay 2026-10),2026-10-05
fullsend#1834,fullsend#1083,not_related,,ai (replay 2026-10),2026-10-05
fullsend#1840,fullsend#1804,not_related,,ai (replay 2026-10),2026-10-05
fullsend#1845,fullsend#1664,defect_from_original,high,ai (replay 2026-10),2026-10-05
fullsend#1845,fullsend#1703,not_related,,ai (replay 2026-10),2026-10-05
fullsend#1846,fullsend#1845,not_related,,ai (replay 2026-10),2026-10-05
fullsend#1853,fullsend#1793,defect_from_original,medium,ai (replay 2026-10),2026-10-05
fullsend#1862,fullsend#1021,not_related,,ai (replay 2026-10),2026-10-05
fullsend#1862,fullsend#1783,not_related,,ai (replay 2026-10),2026-10-05
fullsend#1874,fullsend#1846,defect_from_original,high,ai (replay 2026-10),2026-10-05
fullsend#1874,fullsend#1861,defect_from_original,medium,ai (replay 2026-10),2026-10-05
fullsend#1877,fullsend#1874,not_related,,ai (replay 2026-10),2026-10-05
fullsend#1887,fullsend#1780,not_related,,ai (replay 2026-10),2026-10-05
fullsend#1887,fullsend#1947,not_related,,ai (replay 2026-10),2026-10-05
fullsend#1899,fullsend#1252,not_related,,ai (replay 2026-10),2026-10-05
fullsend#1905,fullsend#1054,not_related,,ai (replay 2026-10),2026-10-05
fullsend#1905,fullsend#1627,not_related,,ai (replay 2026-10),2026-10-05
fullsend#191,fullsend#183,defect_from_original,medium,ai (replay 2026-10),2026-10-05
fullsend#1914,fullsend#1448,not_related,,ai (replay 2026-10),2026-10-05
fullsend#1915,fullsend#1782,not_related,,ai (replay 2026-10),2026-10-05
fullsend#193,fullsend#167,defect_from_original,medium,ai (replay 2026-10),2026-10-05
fullsend#1940,fullsend#807,not_related,,ai (replay 2026-10),2026-10-05
fullsend#1947,fullsend#1017,not_related,,ai (replay 2026-10),2026-10-05
fullsend#1947,fullsend#1278,not_related,,ai (replay 2026-10),2026-10-05
fullsend#1953,fullsend#1914,defect_from_original,high,ai (replay 2026-10),2026-10-05
fullsend#1959,fullsend#1913,not_related,,ai (replay 2026-10),2026-10-05
fullsend#1962,fullsend#1615,not_related,,ai (replay 2026-10),2026-10-05
fullsend#1962,fullsend#1833,defect_from_original,high,ai (replay 2026-10),2026-10-05
fullsend#1971,fullsend#1278,defect_from_original,high,ai (replay 2026-10),2026-10-05
fullsend#198,fullsend#5,not_related,,ai (replay 2026-10),2026-10-05
fullsend#198,fullsend#6,not_related,,ai (replay 2026-10),2026-10-05
fullsend#1990,fullsend#1016,not_related,,ai (replay 2026-10),2026-10-05
fullsend#2005,fullsend#1531,defect_from_original,low,ai (replay 2026-10),2026-10-05
fullsend#2016,fullsend#807,not_related,,ai (replay 2026-10),2026-10-05
fullsend#2020,fullsend#2198,not_related,,ai (replay 2026-10),2026-10-05
fullsend#2020,fullsend#995,not_related,,ai (replay 2026-10),2026-10-05
fullsend#2021,fullsend#1936,not_related,,ai (replay 2026-10),2026-10-05
fullsend#2028,fullsend#1871,defect_from_original,low,ai (replay 2026-10),2026-10-05
fullsend#204,fullsend#117,later_change,,ai (replay 2026-10),2026-10-05
fullsend#2040,fullsend#1887,not_related,,ai (replay 2026-10),2026-10-05
fullsend#2046,fullsend#2038,defect_from_original,low,ai (replay 2026-10),2026-10-05
fullsend#2048,fullsend#1887,not_related,,ai (replay 2026-10),2026-10-05
fullsend#2048,fullsend#1971,not_related,,ai (replay 2026-10),2026-10-05
fullsend#2098,fullsend#3194,not_related,,ai (replay 2026-10),2026-10-05
fullsend#2098,fullsend#3903,not_related,,ai (replay 2026-10),2026-10-05
fullsend#2112,fullsend#1990,defect_from_original,medium,ai (replay 2026-10),2026-10-05
fullsend#2126,fullsend#2089,defect_from_original,low,ai (replay 2026-10),2026-10-05
fullsend#2144,fullsend#2139,not_related,,ai (replay 2026-10),2026-10-05
fullsend#2146,fullsend#1834,not_related,,ai (replay 2026-10),2026-10-05
fullsend#2146,fullsend#2028,not_related,,ai (replay 2026-10),2026-10-05
fullsend#2150,fullsend#2146,not_related,,ai (replay 2026-10),2026-10-05
fullsend#2158,fullsend#2106,defect_from_original,medium,ai (replay 2026-10),2026-10-05
fullsend#2164,fullsend#1425,not_related,,ai (replay 2026-10),2026-10-05
fullsend#2164,fullsend#2020,not_related,,ai (replay 2026-10),2026-10-05
fullsend#2168,fullsend#2048,not_related,,ai (replay 2026-10),2026-10-05
fullsend#217,fullsend#193,defect_from_original,medium,ai (replay 2026-10),2026-10-05
fullsend#218,fullsend#167,not_related,,ai (replay 2026-10),2026-10-05
fullsend#2181,fullsend#1708,not_related,,ai (replay 2026-10),2026-10-05
fullsend#2181,fullsend#1954,not_related,,ai (replay 2026-10),2026-10-05
fullsend#2182,fullsend#2146,not_related,,ai (replay 2026-10),2026-10-05
fullsend#2192,fullsend#1661,not_related,,ai (replay 2026-10),2026-10-05
fullsend#2192,fullsend#1940,defect_from_original,low,ai (replay 2026-10),2026-10-05
fullsend#2198,fullsend#2015,not_related,,ai (replay 2026-10),2026-10-05
fullsend#2198,fullsend#2081,not_related,,ai (replay 2026-10),2026-10-05
fullsend#2201,fullsend#1714,not_related,,ai (replay 2026-10),2026-10-05
fullsend#2201,fullsend#2198,not_related,,ai (replay 2026-10),2026-10-05
fullsend#2210,fullsend#1867,defect_from_original,high,ai (replay 2026-10),2026-10-05
fullsend#2213,fullsend#1990,not_related,,ai (replay 2026-10),2026-10-05
fullsend#2214,fullsend#1927,not_related,,ai (replay 2026-10),2026-10-05
fullsend#2240,fullsend#1627,not_related,,ai (replay 2026-10),2026-10-05
fullsend#2240,fullsend#2192,not_related,,ai (replay 2026-10),2026-10-05
fullsend#2241,fullsend#2214,defect_from_original,medium,ai (replay 2026-10),2026-10-05
fullsend#2248,fullsend#2150,later_change,,ai (replay 2026-10),2026-10-05
fullsend#2248,fullsend#2226,not_related,,ai (replay 2026-10),2026-10-05
fullsend#2282,fullsend#1936,not_related,,ai (replay 2026-10),2026-10-05
fullsend#2283,fullsend#2213,defect_from_original,medium,ai (replay 2026-10),2026-10-05
fullsend#2295,fullsend#1506,not_related,,ai (replay 2026-10),2026-10-05
fullsend#2299,fullsend#2128,not_related,,ai (replay 2026-10),2026-10-05
fullsend#2304,fullsend#1711,not_related,,ai (replay 2026-10),2026-10-05
fullsend#2306,fullsend#1862,not_related,,ai (replay 2026-10),2026-10-05
fullsend#2319,fullsend#1887,not_related,,ai (replay 2026-10),2026-10-05
fullsend#2319,fullsend#2295,not_related,,ai (replay 2026-10),2026-10-05
fullsend#2323,fullsend#2182,not_related,,ai (replay 2026-10),2026-10-05
fullsend#2339,fullsend#1017,later_change,,ai (replay 2026-10),2026-10-05
fullsend#2339,fullsend#2331,not_related,,ai (replay 2026-10),2026-10-05
fullsend#2342,fullsend#1954,not_related,,ai (replay 2026-10),2026-10-05
fullsend#2342,fullsend#2415,not_related,,ai (replay 2026-10),2026-10-05
fullsend#2344,fullsend#2304,defect_from_original,medium,ai (replay 2026-10),2026-10-05
fullsend#2349,fullsend#2240,not_related,,ai (replay 2026-10),2026-10-05
fullsend#2365,fullsend#2299,later_change,,ai (replay 2026-10),2026-10-05
fullsend#2373,fullsend#1698,not_related,,ai (replay 2026-10),2026-10-05
fullsend#2373,fullsend#2168,not_related,,ai (replay 2026-10),2026-10-05
fullsend#2375,fullsend#2112,defect_from_original,medium,ai (replay 2026-10),2026-10-05
fullsend#2391,fullsend#2365,not_related,,ai (replay 2026-10),2026-10-05
fullsend#2395,fullsend#2295,not_related,,ai (replay 2026-10),2026-10-05
fullsend#2395,fullsend#2349,later_change,,ai (replay 2026-10),2026-10-05
fullsend#2415,fullsend#1834,not_related,,ai (replay 2026-10),2026-10-05
fullsend#2415,fullsend#1954,not_related,,ai (replay 2026-10),2026-10-05
fullsend#2419,fullsend#2395,not_related,,ai (replay 2026-10),2026-10-05
fullsend#2421,fullsend#2451,not_related,,ai (replay 2026-10),2026-10-05
fullsend#2421,fullsend#2457,not_related,,ai (replay 2026-10),2026-10-05
fullsend#2434,fullsend#5309,not_related,,ai (replay 2026-10),2026-10-05
fullsend#2435,fullsend#2400,not_related,,ai (replay 2026-10),2026-10-05
fullsend#2442,fullsend#1954,defect_from_original,low,ai (replay 2026-10),2026-10-05
fullsend#2443,fullsend#1912,not_related,,ai (replay 2026-10),2026-10-05
fullsend#2443,fullsend#2044,not_related,,ai (replay 2026-10),2026-10-05
fullsend#2444,fullsend#1178,not_related,,ai (replay 2026-10),2026-10-05
fullsend#2451,fullsend#2300,not_related,,ai (replay 2026-10),2026-10-05
fullsend#2456,fullsend#2005,not_related,,ai (replay 2026-10),2026-10-05
fullsend#2456,fullsend#2373,defect_from_original,medium,ai (replay 2026-10),2026-10-05
fullsend#2459,fullsend#2456,not_related,,ai (replay 2026-10),2026-10-05
fullsend#2465,fullsend#1688,not_related,,ai (replay 2026-10),2026-10-05
fullsend#2465,fullsend#2389,not_related,,ai (replay 2026-10),2026-10-05
fullsend#2468,fullsend#2240,not_related,,ai (replay 2026-10),2026-10-05
fullsend#2475,fullsend#2468,defect_from_original,medium,ai (replay 2026-10),2026-10-05
fullsend#2486,fullsend#2605,not_related,,ai (replay 2026-10),2026-10-05
fullsend#2491,fullsend#2457,not_related,,ai (replay 2026-10),2026-10-05
fullsend#2491,fullsend#2475,not_related,,ai (replay 2026-10),2026-10-05
fullsend#2491,fullsend#2481,not_related,,ai (replay 2026-10),2026-10-05
fullsend#2492,fullsend#2015,not_related,,ai (replay 2026-10),2026-10-05
fullsend#2492,fullsend#2435,not_related,,ai (replay 2026-10),2026-10-05
fullsend#2503,fullsend#2457,defect_from_original,medium,ai (replay 2026-10),2026-10-05
fullsend#2514,fullsend#2010,not_related,,ai (replay 2026-10),2026-10-05
fullsend#2531,fullsend#1681,not_related,,ai (replay 2026-10),2026-10-05
fullsend#2532,fullsend#2517,not_related,,ai (replay 2026-10),2026-10-05
fullsend#2535,fullsend#1682,defect_from_original,medium,ai (replay 2026-10),2026-10-05
fullsend#2545,fullsend#1954,defect_from_original,medium,ai (replay 2026-10),2026-10-05
fullsend#2545,fullsend#2659,not_related,,ai (replay 2026-10),2026-10-05
fullsend#2567,fullsend#2533,defect_from_original,high,ai (replay 2026-10),2026-10-05
fullsend#2576,fullsend#625,defect_from_original,medium,ai (replay 2026-10),2026-10-05
fullsend#2594,fullsend#2595,not_related,,ai (replay 2026-10),2026-10-05
fullsend#2594,fullsend#2615,not_related,,ai (replay 2026-10),2026-10-05
fullsend#2595,fullsend#2435,not_related,,ai (replay 2026-10),2026-10-05
fullsend#2595,fullsend#2533,not_related,,ai (replay 2026-10),2026-10-05
fullsend#2605,fullsend#1903,defect_from_original,low,ai (replay 2026-10),2026-10-05
fullsend#2605,fullsend#2319,not_related,,ai (replay 2026-10),2026-10-05
fullsend#2613,fullsend#2525,defect_from_original,medium,ai (replay 2026-10),2026-10-05
fullsend#2617,fullsend#2514,not_related,,ai (replay 2026-10),2026-10-05
fullsend#2621,fullsend#2508,defect_from_original,medium,ai (replay 2026-10),2026-10-05
fullsend#2622,fullsend#2508,defect_from_original,low,ai (replay 2026-10),2026-10-05
fullsend#2622,fullsend#2621,not_related,,ai (replay 2026-10),2026-10-05
fullsend#2626,fullsend#2851,not_related,,ai (replay 2026-10),2026-10-05
fullsend#2626,fullsend#3194,not_related,,ai (replay 2026-10),2026-10-05
fullsend#2627,fullsend#2421,not_related,,ai (replay 2026-10),2026-10-05
fullsend#2628,fullsend#2615,defect_from_original,medium,ai (replay 2026-10),2026-10-05
fullsend#2633,fullsend#2182,not_related,,ai (replay 2026-10),2026-10-05
fullsend#2647,fullsend#2659,not_related,,ai (replay 2026-10),2026-10-05
fullsend#2673,fullsend#1688,not_related,,ai (replay 2026-10),2026-10-05
fullsend#2679,fullsend#2659,not_related,,ai (replay 2026-10),2026-10-05
fullsend#2679,fullsend#2689,not_related,,ai (replay 2026-10),2026-10-05
fullsend#2693,fullsend#2686,not_related,,ai (replay 2026-10),2026-10-05
fullsend#2695,fullsend#2319,not_related,,ai (replay 2026-10),2026-10-05
fullsend#2695,fullsend#2443,not_related,,ai (replay 2026-10),2026-10-05
fullsend#2697,fullsend#2690,defect_from_original,low,ai (replay 2026-10),2026-10-05
fullsend#2707,fullsend#2139,not_related,,ai (replay 2026-10),2026-10-05
fullsend#2707,fullsend#2690,defect_from_original,high,ai (replay 2026-10),2026-10-05
fullsend#2707,fullsend#2697,not_related,,ai (replay 2026-10),2026-10-05
fullsend#2717,fullsend#2663,not_related,,ai (replay 2026-10),2026-10-05
fullsend#2720,fullsend#2621,not_related,,ai (replay 2026-10),2026-10-05
fullsend#2727,fullsend#1780,not_related,,ai (replay 2026-10),2026-10-05
fullsend#2727,fullsend#2633,not_related,,ai (replay 2026-10),2026-10-05
fullsend#275,fullsend#153,defect_from_original,low,ai (replay 2026-10),2026-10-05
fullsend#2751,fullsend#2733,later_change,,ai (replay 2026-10),2026-10-05
fullsend#2762,fullsend#1887,not_related,,ai (replay 2026-10),2026-10-05
fullsend#2762,fullsend#2763,not_related,,ai (replay 2026-10),2026-10-05
fullsend#2764,fullsend#2277,not_related,,ai (replay 2026-10),2026-10-05
fullsend#2765,fullsend#2721,defect_from_original,medium,ai (replay 2026-10),2026-10-05
fullsend#2767,fullsend#2698,later_change,,ai (replay 2026-10),2026-10-05
fullsend#2767,fullsend#2765,later_change,,ai (replay 2026-10),2026-10-05
fullsend#2774,fullsend#3062,not_related,,ai (replay 2026-10),2026-10-05
fullsend#2774,fullsend#4901,not_related,,ai (replay 2026-10),2026-10-05
fullsend#2776,fullsend#2764,not_related,,ai (replay 2026-10),2026-10-05
fullsend#2776,fullsend#2766,not_related,,ai (replay 2026-10),2026-10-05
fullsend#2781,fullsend#2659,not_related,,ai (replay 2026-10),2026-10-05
fullsend#2781,fullsend#2679,not_related,,ai (replay 2026-10),2026-10-05
fullsend#2787,fullsend#2714,not_related,,ai (replay 2026-10),2026-10-05
fullsend#2787,fullsend#2753,not_related,,ai (replay 2026-10),2026-10-05
fullsend#2788,fullsend#2795,not_related,,ai (replay 2026-10),2026-10-05
fullsend#2789,fullsend#2714,not_related,,ai (replay 2026-10),2026-10-05
fullsend#2789,fullsend#2788,not_related,,ai (replay 2026-10),2026-10-05
fullsend#2795,fullsend#2787,not_related,,ai (replay 2026-10),2026-10-05
fullsend#2800,fullsend#2679,defect_from_original,medium,ai (replay 2026-10),2026-10-05
fullsend#2800,fullsend#2795,not_related,,ai (replay 2026-10),2026-10-05
fullsend#2807,fullsend#2752,not_related,,ai (replay 2026-10),2026-10-05
fullsend#2807,fullsend#2808,not_related,,ai (replay 2026-10),2026-10-05
fullsend#2808,fullsend#2582,not_related,,ai (replay 2026-10),2026-10-05
fullsend#2808,fullsend#2769,not_related,,ai (replay 2026-10),2026-10-05
fullsend#2815,fullsend#2736,defect_from_original,medium,ai (replay 2026-10),2026-10-05
fullsend#2818,fullsend#2736,not_related,,ai (replay 2026-10),2026-10-05
fullsend#2855,fullsend#2240,not_related,,ai (replay 2026-10),2026-10-05
fullsend#2855,fullsend#2679,not_related,,ai (replay 2026-10),2026-10-05
fullsend#2857,fullsend#2453,not_related,,ai (replay 2026-10),2026-10-05
fullsend#2859,fullsend#1887,not_related,,ai (replay 2026-10),2026-10-05
fullsend#2859,fullsend#2851,not_related,,ai (replay 2026-10),2026-10-05
fullsend#2860,fullsend#2770,not_related,,ai (replay 2026-10),2026-10-05
fullsend#2870,fullsend#2851,defect_from_original,medium,ai (replay 2026-10),2026-10-05
fullsend#290,fullsend#284,not_related,,ai (replay 2026-10),2026-10-05
fullsend#291,fullsend#239,not_related,,ai (replay 2026-10),2026-10-05
fullsend#2911,fullsend#2689,not_related,,ai (replay 2026-10),2026-10-05
fullsend#2919,fullsend#2545,later_change,,ai (replay 2026-10),2026-10-05
fullsend#2919,fullsend#3820,not_related,,ai (replay 2026-10),2026-10-05
fullsend#2924,fullsend#2727,not_related,,ai (replay 2026-10),2026-10-05
fullsend#2960,fullsend#2752,later_change,,ai (replay 2026-10),2026-10-05
fullsend#2986,fullsend#3381,not_related,,ai (replay 2026-10),2026-10-05
fullsend#3000,fullsend#2689,not_related,,ai (replay 2026-10),2026-10-05
fullsend#3000,fullsend#2911,not_related,,ai (replay 2026-10),2026-10-05
fullsend#3039,fullsend#3000,defect_from_original,high,ai (replay 2026-10),2026-10-05
fullsend#3066,fullsend#2011,later_change,,ai (replay 2026-10),2026-10-05
fullsend#316,fullsend#264,not_related,,ai (replay 2026-10),2026-10-05
fullsend#317,fullsend#264,not_related,,ai (replay 2026-10),2026-10-05
fullsend#318,fullsend#264,not_related,,ai (replay 2026-10),2026-10-05
fullsend#318,fullsend#279,not_related,,ai (replay 2026-10),2026-10-05
fullsend#3182,fullsend#2344,not_related,,ai (replay 2026-10),2026-10-05
fullsend#3182,fullsend#2531,not_related,,ai (replay 2026-10),2026-10-05
fullsend#320,fullsend#318,not_related,,ai (replay 2026-10),2026-10-05
fullsend#320,fullsend#321,not_related,,ai (replay 2026-10),2026-10-05
fullsend#337,fullsend#119,not_related,,ai (replay 2026-10),2026-10-05
fullsend#337,fullsend#484,not_related,,ai (replay 2026-10),2026-10-05
fullsend#338,fullsend#167,later_change,,ai (replay 2026-10),2026-10-05
fullsend#338,fullsend#320,not_related,,ai (replay 2026-10),2026-10-05
fullsend#3381,fullsend#2098,not_related,,ai (replay 2026-10),2026-10-05
fullsend#3381,fullsend#3677,not_related,,ai (replay 2026-10),2026-10-05
fullsend#3383,fullsend#2491,not_related,,ai (replay 2026-10),2026-10-05
fullsend#3383,fullsend#3003,not_related,,ai (replay 2026-10),2026-10-05
fullsend#3393,fullsend#2663,not_related,,ai (replay 2026-10),2026-10-05
fullsend#3393,fullsend#2855,not_related,,ai (replay 2026-10),2026-10-05
fullsend#3425,fullsend#2947,defect_from_original,high,ai (replay 2026-10),2026-10-05
fullsend#3425,fullsend#3116,not_related,,ai (replay 2026-10),2026-10-05
fullsend#343,fullsend#279,not_related,,ai (replay 2026-10),2026-10-05
fullsend#3448,fullsend#3182,defect_from_original,low,ai (replay 2026-10),2026-10-05
fullsend#349,fullsend#264,not_related,,ai (replay 2026-10),2026-10-05
fullsend#349,fullsend#338,not_related,,ai (replay 2026-10),2026-10-05
fullsend#352,fullsend#171,defect_from_original,medium,ai (replay 2026-10),2026-10-05
fullsend#362,fullsend#171,defect_from_original,low,ai (replay 2026-10),2026-10-05
fullsend#363,fullsend#362,not_related,,ai (replay 2026-10),2026-10-05
fullsend#3677,fullsend#3425,not_related,,ai (replay 2026-10),2026-10-05
fullsend#3692,fullsend#1982,not_related,,ai (replay 2026-10),2026-10-05
fullsend#3692,fullsend#2909,not_related,,ai (replay 2026-10),2026-10-05
fullsend#372,fullsend#231,not_related,,ai (replay 2026-10),2026-10-05
fullsend#372,fullsend#343,not_related,,ai (replay 2026-10),2026-10-05
fullsend#380,fullsend#279,not_related,,ai (replay 2026-10),2026-10-05
fullsend#380,fullsend#357,not_related,,ai (replay 2026-10),2026-10-05
fullsend#382,fullsend#286,defect_from_original,medium,ai (replay 2026-10),2026-10-05
fullsend#3868,fullsend#3398,defect_from_original,low,ai (replay 2026-10),2026-10-05
fullsend#388,fullsend#380,later_change,,ai (replay 2026-10),2026-10-05
fullsend#393,fullsend#380,not_related,,ai (replay 2026-10),2026-10-05
fullsend#393,fullsend#388,not_related,,ai (replay 2026-10),2026-10-05
fullsend#3943,fullsend#3868,not_related,,ai (replay 2026-10),2026-10-05
fullsend#396,fullsend#380,not_related,,ai (replay 2026-10),2026-10-05
fullsend#4008,fullsend#3398,not_related,,ai (replay 2026-10),2026-10-05
fullsend#4008,fullsend#3868,not_related,,ai (replay 2026-10),2026-10-05
fullsend#4020,fullsend#4008,not_related,,ai (replay 2026-10),2026-10-05
fullsend#403,fullsend#286,later_change,,ai (replay 2026-10),2026-10-05
fullsend#403,fullsend#388,not_related,,ai (replay 2026-10),2026-10-05
fullsend#406,fullsend#284,defect_from_original,low,ai (replay 2026-10),2026-10-05
fullsend#4102,fullsend#4002,defect_from_original,medium,ai (replay 2026-10),2026-10-05
fullsend#4108,fullsend#2288,not_related,,ai (replay 2026-10),2026-10-05
fullsend#4108,fullsend#2341,not_related,,ai (replay 2026-10),2026-10-05
fullsend#413,fullsend#386,not_related,,ai (replay 2026-10),2026-10-05
fullsend#417,fullsend#279,later_change,,ai (replay 2026-10),2026-10-05
fullsend#427,fullsend#428,not_related,,ai (replay 2026-10),2026-10-05
fullsend#440,fullsend#341,not_related,,ai (replay 2026-10),2026-10-05
fullsend#440,fullsend#438,not_related,,ai (replay 2026-10),2026-10-05
fullsend#441,fullsend#171,later_change,,ai (replay 2026-10),2026-10-05
fullsend#441,fullsend#344,not_related,,ai (replay 2026-10),2026-10-05
fullsend#443,fullsend#432,defect_from_original,low,ai (replay 2026-10),2026-10-05
fullsend#4533,fullsend#2986,defect_from_original,low,ai (replay 2026-10),2026-10-05
fullsend#454,fullsend#386,not_related,,ai (replay 2026-10),2026-10-05
fullsend#4654,fullsend#2986,not_related,,ai (replay 2026-10),2026-10-05
fullsend#4654,fullsend#4533,not_related,,ai (replay 2026-10),2026-10-05
fullsend#467,fullsend#448,not_related,,ai (replay 2026-10),2026-10-05
fullsend#471,fullsend#447,defect_from_original,medium,ai (replay 2026-10),2026-10-05
fullsend#4722,fullsend#4533,not_related,,ai (replay 2026-10),2026-10-05
fullsend#4722,fullsend#4654,defect_from_original,low,ai (replay 2026-10),2026-10-05
fullsend#473,fullsend#341,not_related,,ai (replay 2026-10),2026-10-05
fullsend#473,fullsend#874,not_related,,ai (replay 2026-10),2026-10-05
fullsend#476,fullsend#321,not_related,,ai (replay 2026-10),2026-10-05
fullsend#479,fullsend#440,not_related,,ai (replay 2026-10),2026-10-05
fullsend#481,fullsend#320,not_related,,ai (replay 2026-10),2026-10-05
fullsend#481,fullsend#467,not_related,,ai (replay 2026-10),2026-10-05
fullsend#484,fullsend#448,defect_from_original,high,ai (replay 2026-10),2026-10-05
fullsend#485,fullsend#167,not_related,,ai (replay 2026-10),2026-10-05
fullsend#485,fullsend#481,not_related,,ai (replay 2026-10),2026-10-05
fullsend#4864,fullsend#4102,defect_from_original,high,ai (replay 2026-10),2026-10-05
fullsend#487,fullsend#239,defect_from_original,medium,ai (replay 2026-10),2026-10-05
fullsend#487,fullsend#448,not_related,,ai (replay 2026-10),2026-10-05
fullsend#492,fullsend#403,not_related,,ai (replay 2026-10),2026-10-05
fullsend#492,fullsend#439,not_related,,ai (replay 2026-10),2026-10-05
fullsend#4998,fullsend#3398,not_related,,ai (replay 2026-10),2026-10-05
fullsend#5015,fullsend#2666,not_related,,ai (replay 2026-10),2026-10-05
fullsend#5015,fullsend#2679,defect_from_original,medium,ai (replay 2026-10),2026-10-05
fullsend#5057,fullsend#5052,not_related,,ai (replay 2026-10),2026-10-05
fullsend#5131,fullsend#625,not_related,,ai (replay 2026-10),2026-10-05
fullsend#515,fullsend#390,not_related,,ai (replay 2026-10),2026-10-05
fullsend#515,fullsend#472,not_related,,ai (replay 2026-10),2026-10-05
fullsend#516,fullsend#487,not_related,,ai (replay 2026-10),2026-10-05
fullsend#518,fullsend#443,not_related,,ai (replay 2026-10),2026-10-05
fullsend#5192,fullsend#5306,not_related,,ai (replay 2026-10),2026-10-05
fullsend#5192,fullsend#5395,not_related,,ai (replay 2026-10),2026-10-05
fullsend#521,fullsend#492,not_related,,ai (replay 2026-10),2026-10-05
fullsend#522,fullsend#569,not_related,,ai (replay 2026-10),2026-10-05
fullsend#5232,fullsend#5248,not_related,,ai (replay 2026-10),2026-10-05
fullsend#5237,fullsend#2998,not_related,,ai (replay 2026-10),2026-10-05
fullsend#5237,fullsend#5201,not_related,,ai (replay 2026-10),2026-10-05
fullsend#5245,fullsend#5232,not_related,,ai (replay 2026-10),2026-10-05
fullsend#5245,fullsend#5262,not_related,,ai (replay 2026-10),2026-10-05
fullsend#5248,fullsend#3062,not_related,,ai (replay 2026-10),2026-10-05
fullsend#5248,fullsend#3186,not_related,,ai (replay 2026-10),2026-10-05
fullsend#5262,fullsend#5232,not_related,,ai (replay 2026-10),2026-10-05
fullsend#5269,fullsend#4079,not_related,,ai (replay 2026-10),2026-10-05
fullsend#527,fullsend#448,not_related,,ai (replay 2026-10),2026-10-05
fullsend#5274,fullsend#2972,not_related,,ai (replay 2026-10),2026-10-05
fullsend#5274,fullsend#5015,not_related,,ai (replay 2026-10),2026-10-05
fullsend#528,fullsend#527,defect_from_original,low,ai (replay 2026-10),2026-10-05
fullsend#530,fullsend#515,not_related,,ai (replay 2026-10),2026-10-05
fullsend#530,fullsend#572,not_related,,ai (replay 2026-10),2026-10-05
fullsend#5306,fullsend#5225,not_related,,ai (replay 2026-10),2026-10-05
fullsend#531,fullsend#540,not_related,,ai (replay 2026-10),2026-10-05
fullsend#531,fullsend#566,not_related,,ai (replay 2026-10),2026-10-05
fullsend#5340,fullsend#5294,not_related,,ai (replay 2026-10),2026-10-05
fullsend#5341,fullsend#5303,defect_from_original,high,ai (replay 2026-10),2026-10-05
fullsend#535,fullsend#337,not_related,,ai (replay 2026-10),2026-10-05
fullsend#535,fullsend#396,not_related,,ai (replay 2026-10),2026-10-05
fullsend#5357,fullsend#5531,not_related,,ai (replay 2026-10),2026-10-05
fullsend#5357,fullsend#5739,not_related,,ai (replay 2026-10),2026-10-05
fullsend#539,fullsend#427,not_related,,ai (replay 2026-10),2026-10-05
fullsend#5395,fullsend#5244,not_related,,ai (replay 2026-10),2026-10-05
fullsend#5397,fullsend#3062,defect_from_original,medium,ai (replay 2026-10),2026-10-05
fullsend#5406,fullsend#4510,not_related,,ai (replay 2026-10),2026-10-05
fullsend#5406,fullsend#5274,not_related,,ai (replay 2026-10),2026-10-05
fullsend#5409,fullsend#2932,not_related,,ai (replay 2026-10),2026-10-05
fullsend#5409,fullsend#3062,not_related,,ai (replay 2026-10),2026-10-05
fullsend#5420,fullsend#5248,defect_from_original,medium,ai (replay 2026-10),2026-10-05
fullsend#5424,fullsend#5129,not_related,,ai (replay 2026-10),2026-10-05
fullsend#5424,fullsend#5428,not_related,,ai (replay 2026-10),2026-10-05
fullsend#5442,fullsend#4510,defect_from_original,medium,ai (replay 2026-10),2026-10-05
fullsend#5467,fullsend#1688,not_related,,ai (replay 2026-10),2026-10-05
fullsend#5468,fullsend#3032,defect_from_original,low,ai (replay 2026-10),2026-10-05
fullsend#5468,fullsend#5275,not_related,,ai (replay 2026-10),2026-10-05
fullsend#5469,fullsend#5428,not_related,,ai (replay 2026-10),2026-10-05
fullsend#5472,fullsend#5473,not_related,,ai (replay 2026-10),2026-10-05
fullsend#5472,fullsend#5559,not_related,,ai (replay 2026-10),2026-10-05
fullsend#5473,fullsend#3383,not_related,,ai (replay 2026-10),2026-10-05
fullsend#5473,fullsend#5467,not_related,,ai (replay 2026-10),2026-10-05
fullsend#5474,fullsend#4049,not_related,,ai (replay 2026-10),2026-10-05
fullsend#5478,fullsend#5275,not_related,,ai (replay 2026-10),2026-10-05
fullsend#5478,fullsend#5555,not_related,,ai (replay 2026-10),2026-10-05
fullsend#5486,fullsend#5444,later_change,,ai (replay 2026-10),2026-10-05
fullsend#5488,fullsend#5444,later_change,,ai (replay 2026-10),2026-10-05
fullsend#5500,fullsend#4049,not_related,,ai (replay 2026-10),2026-10-05
fullsend#5502,fullsend#5457,later_change,,ai (replay 2026-10),2026-10-05
fullsend#5502,fullsend#5499,not_related,,ai (replay 2026-10),2026-10-05
fullsend#5540,fullsend#5428,not_related,,ai (replay 2026-10),2026-10-05
fullsend#5549,fullsend#5424,defect_from_original,low,ai (replay 2026-10),2026-10-05
fullsend#5555,fullsend#5275,not_related,,ai (replay 2026-10),2026-10-05
fullsend#5555,fullsend#5534,not_related,,ai (replay 2026-10),2026-10-05
fullsend#5562,fullsend#4510,defect_from_original,medium,ai (replay 2026-10),2026-10-05
fullsend#5563,fullsend#5478,not_related,,ai (replay 2026-10),2026-10-05
fullsend#5563,fullsend#5853,not_related,,ai (replay 2026-10),2026-10-05
fullsend#5567,fullsend#5131,not_related,,ai (replay 2026-10),2026-10-05
fullsend#5567,fullsend#5478,not_related,,ai (replay 2026-10),2026-10-05
fullsend#557,fullsend#383,not_related,,ai (replay 2026-10),2026-10-05
fullsend#557,fullsend#438,not_related,,ai (replay 2026-10),2026-10-05
fullsend#5573,fullsend#5274,defect_from_original,medium,ai (replay 2026-10),2026-10-05
fullsend#5576,fullsend#3193,defect_from_original,medium,ai (replay 2026-10),2026-10-05
fullsend#5576,fullsend#5555,not_related,,ai (replay 2026-10),2026-10-05
fullsend#5578,fullsend#5192,not_related,,ai (replay 2026-10),2026-10-05
fullsend#5584,fullsend#5275,not_related,,ai (replay 2026-10),2026-10-05
fullsend#5584,fullsend#5425,defect_from_original,medium,ai (replay 2026-10),2026-10-05
fullsend#5591,fullsend#4081,not_related,,ai (replay 2026-10),2026-10-05
fullsend#5595,fullsend#5276,not_related,,ai (replay 2026-10),2026-10-05
fullsend#5595,fullsend#5473,not_related,,ai (replay 2026-10),2026-10-05
fullsend#5604,fullsend#4081,not_related,,ai (replay 2026-10),2026-10-05
fullsend#5604,fullsend#5596,not_related,,ai (replay 2026-10),2026-10-05
fullsend#5622,fullsend#5617,not_related,,ai (replay 2026-10),2026-10-05
fullsend#5628,fullsend#5340,defect_from_original,low,ai (replay 2026-10),2026-10-05
fullsend#5637,fullsend#5615,not_related,,ai (replay 2026-10),2026-10-05
fullsend#5637,fullsend#5771,not_related,,ai (replay 2026-10),2026-10-05
fullsend#5638,fullsend#5275,not_related,,ai (replay 2026-10),2026-10-05
fullsend#566,fullsend#217,not_related,,ai (replay 2026-10),2026-10-05
fullsend#566,fullsend#540,not_related,,ai (replay 2026-10),2026-10-05
fullsend#5661,fullsend#5625,defect_from_original,medium,ai (replay 2026-10),2026-10-05
fullsend#5688,fullsend#3182,not_related,,ai (replay 2026-10),2026-10-05
fullsend#5688,fullsend#3393,not_related,,ai (replay 2026-10),2026-10-05
fullsend#5693,fullsend#5407,not_related,,ai (replay 2026-10),2026-10-05
fullsend#5701,fullsend#5623,later_change,,ai (replay 2026-10),2026-10-05
fullsend#5701,fullsend#5643,not_related,,ai (replay 2026-10),2026-10-05
fullsend#5709,fullsend#5407,not_related,,ai (replay 2026-10),2026-10-05
fullsend#5719,fullsend#5588,defect_from_original,medium,ai (replay 2026-10),2026-10-05
fullsend#572,fullsend#337,not_related,,ai (replay 2026-10),2026-10-05
fullsend#572,fullsend#399,not_related,,ai (replay 2026-10),2026-10-05
fullsend#5729,fullsend#5688,defect_from_original,high,ai (replay 2026-10),2026-10-05
fullsend#5732,fullsend#5506,not_related,,ai (replay 2026-10),2026-10-05
fullsend#5738,fullsend#5274,not_related,,ai (replay 2026-10),2026-10-05
fullsend#5738,fullsend#5502,not_related,,ai (replay 2026-10),2026-10-05
fullsend#5739,fullsend#5588,later_change,,ai (replay 2026-10),2026-10-05
fullsend#5739,fullsend#5737,later_change,,ai (replay 2026-10),2026-10-05
fullsend#5743,fullsend#5738,defect_from_original,high,ai (replay 2026-10),2026-10-05
fullsend#5749,fullsend#4824,not_related,,ai (replay 2026-10),2026-10-05
fullsend#5749,fullsend#5374,not_related,,ai (replay 2026-10),2026-10-05
fullsend#5763,fullsend#5639,not_related,,ai (replay 2026-10),2026-10-05
fullsend#5764,fullsend#5741,not_related,,ai (replay 2026-10),2026-10-05
fullsend#577,fullsend#390,not_related,,ai (replay 2026-10),2026-10-05
fullsend#5773,fullsend#5557,later_change,,ai (replay 2026-10),2026-10-05
fullsend#5776,fullsend#5736,not_related,,ai (replay 2026-10),2026-10-05
fullsend#5782,agents#498,not_related,,ai (replay 2026-10),2026-10-05
fullsend#5788,fullsend#6147,not_related,,ai (replay 2026-10),2026-10-05
fullsend#5788,fullsend#6345,not_related,,ai (replay 2026-10),2026-10-05
fullsend#5821,fullsend#5813,defect_from_original,low,ai (replay 2026-10),2026-10-05
fullsend#5821,fullsend#5816,defect_from_original,low,ai (replay 2026-10),2026-10-05
fullsend#5823,fullsend#5813,not_related,,ai (replay 2026-10),2026-10-05
fullsend#5823,fullsend#5816,defect_from_original,medium,ai (replay 2026-10),2026-10-05
fullsend#5837,fullsend#5729,not_related,,ai (replay 2026-10),2026-10-05
fullsend#5837,fullsend#5737,not_related,,ai (replay 2026-10),2026-10-05
fullsend#5853,fullsend#5557,not_related,,ai (replay 2026-10),2026-10-05
fullsend#5853,fullsend#5845,not_related,,ai (replay 2026-10),2026-10-05
fullsend#5887,fullsend#5531,later_change,,ai (replay 2026-10),2026-10-05
fullsend#5887,fullsend#5836,not_related,,ai (replay 2026-10),2026-10-05
fullsend#5893,fullsend#5856,defect_from_original,medium,ai (replay 2026-10),2026-10-05
fullsend#5898,fullsend#5874,defect_from_original,medium,ai (replay 2026-10),2026-10-05
fullsend#5914,fullsend#5898,defect_from_original,low,ai (replay 2026-10),2026-10-05
fullsend#5915,fullsend#3692,not_related,,ai (replay 2026-10),2026-10-05
fullsend#5915,fullsend#5856,not_related,,ai (replay 2026-10),2026-10-05
fullsend#5918,fullsend#5859,not_related,,ai (replay 2026-10),2026-10-05
fullsend#5926,fullsend#5887,not_related,,ai (replay 2026-10),2026-10-05
fullsend#5942,fullsend#6583,not_related,,ai (replay 2026-10),2026-10-05
fullsend#5944,fullsend#5562,not_related,,ai (replay 2026-10),2026-10-05
fullsend#5944,fullsend#6049,not_related,,ai (replay 2026-10),2026-10-05
fullsend#5955,fullsend#5697,later_change,,ai (replay 2026-10),2026-10-05
fullsend#5955,fullsend#5836,later_change,,ai (replay 2026-10),2026-10-05
fullsend#5955,fullsend#5866,not_related,,ai (replay 2026-10),2026-10-05
fullsend#5960,fullsend#6696,not_related,,ai (replay 2026-10),2026-10-05
fullsend#5960,fullsend#6753,not_related,,ai (replay 2026-10),2026-10-05
fullsend#5962,fullsend#5845,not_related,,ai (replay 2026-10),2026-10-05
fullsend#5962,fullsend#5914,not_related,,ai (replay 2026-10),2026-10-05
fullsend#5966,fullsend#5689,not_related,,ai (replay 2026-10),2026-10-05
fullsend#5978,fullsend#5875,later_change,,ai (replay 2026-10),2026-10-05
fullsend#6001,fullsend#6242,not_related,,ai (replay 2026-10),2026-10-05
fullsend#6023,fullsend#5945,not_related,,ai (replay 2026-10),2026-10-05
fullsend#6023,fullsend#5950,not_related,,ai (replay 2026-10),2026-10-05
fullsend#6033,fullsend#6062,not_related,,ai (replay 2026-10),2026-10-05
fullsend#6068,fullsend#5914,not_related,,ai (replay 2026-10),2026-10-05
fullsend#6106,fullsend#5736,not_related,,ai (replay 2026-10),2026-10-05
fullsend#6108,fullsend#5563,not_related,,ai (replay 2026-10),2026-10-05
fullsend#6110,fullsend#5749,defect_from_original,medium,ai (replay 2026-10),2026-10-05
fullsend#6111,agents#766,not_related,,ai (replay 2026-10),2026-10-05
fullsend#6123,fullsend#5898,not_related,,ai (replay 2026-10),2026-10-05
fullsend#6126,fullsend#6037,defect_from_original,high,ai (replay 2026-10),2026-10-05
fullsend#6126,fullsend#6112,not_related,,ai (replay 2026-10),2026-10-05
fullsend#614,fullsend#627,not_related,,ai (replay 2026-10),2026-10-05
fullsend#614,fullsend#640,not_related,,ai (replay 2026-10),2026-10-05
fullsend#6166,fullsend#5944,not_related,,ai (replay 2026-10),2026-10-05
fullsend#6166,fullsend#6467,not_related,,ai (replay 2026-10),2026-10-05
fullsend#6181,fullsend#6022,not_related,,ai (replay 2026-10),2026-10-05
fullsend#6189,fullsend#5997,not_related,,ai (replay 2026-10),2026-10-05
fullsend#6192,fullsend#5813,not_related,,ai (replay 2026-10),2026-10-05
fullsend#6192,fullsend#6177,not_related,,ai (replay 2026-10),2026-10-05
fullsend#6199,fullsend#6136,not_related,,ai (replay 2026-10),2026-10-05
fullsend#6203,fullsend#5641,defect_from_original,low,ai (replay 2026-10),2026-10-05
fullsend#6206,fullsend#5776,not_related,,ai (replay 2026-10),2026-10-05
fullsend#6212,fullsend#6177,not_related,,ai (replay 2026-10),2026-10-05
fullsend#6215,fullsend#6068,not_related,,ai (replay 2026-10),2026-10-05
fullsend#6215,fullsend#6192,defect_from_original,medium,ai (replay 2026-10),2026-10-05
fullsend#6220,fullsend#6215,defect_from_original,medium,ai (replay 2026-10),2026-10-05
fullsend#6230,fullsend#6147,not_related,,ai (replay 2026-10),2026-10-05
fullsend#6250,fullsend#6252,not_related,,ai (replay 2026-10),2026-10-05
fullsend#6252,fullsend#6220,later_change,,ai (replay 2026-10),2026-10-05
fullsend#6258,fullsend#6224,defect_from_original,high,ai (replay 2026-10),2026-10-05
fullsend#6267,fullsend#5934,not_related,,ai (replay 2026-10),2026-10-05
fullsend#627,fullsend#264,later_change,,ai (replay 2026-10),2026-10-05
fullsend#627,fullsend#390,not_related,,ai (replay 2026-10),2026-10-05
fullsend#6274,fullsend#6258,not_related,,ai (replay 2026-10),2026-10-05
fullsend#6279,fullsend#6399,not_related,,ai (replay 2026-10),2026-10-05
fullsend#6289,fullsend#6218,not_related,,ai (replay 2026-10),2026-10-05
fullsend#6290,fullsend#6261,later_change,,ai (replay 2026-10),2026-10-05
fullsend#6301,fullsend#6138,later_change,,ai (replay 2026-10),2026-10-05
fullsend#6303,fullsend#6067,defect_from_original,low,ai (replay 2026-10),2026-10-05
fullsend#6324,fullsend#6258,not_related,,ai (replay 2026-10),2026-10-05
fullsend#6332,fullsend#6258,not_related,,ai (replay 2026-10),2026-10-05
fullsend#6338,fullsend#5563,not_related,,ai (replay 2026-10),2026-10-05
fullsend#6338,fullsend#5776,not_related,,ai (replay 2026-10),2026-10-05
fullsend#6342,fullsend#6332,not_related,,ai (replay 2026-10),2026-10-05
fullsend#6345,fullsend#6242,not_related,,ai (replay 2026-10),2026-10-05
fullsend#6345,fullsend#6274,not_related,,ai (replay 2026-10),2026-10-05
fullsend#6349,fullsend#6066,not_related,,ai (replay 2026-10),2026-10-05
fullsend#6349,fullsend#6367,not_related,,ai (replay 2026-10),2026-10-05
fullsend#6367,fullsend#5992,not_related,,ai (replay 2026-10),2026-10-05
fullsend#6367,fullsend#6289,not_related,,ai (replay 2026-10),2026-10-05
fullsend#6371,fullsend#6654,not_related,,ai (replay 2026-10),2026-10-05
fullsend#6373,fullsend#6336,not_related,,ai (replay 2026-10),2026-10-05
fullsend#6376,fullsend#6203,not_related,,ai (replay 2026-10),2026-10-05
fullsend#6377,fullsend#6199,not_related,,ai (replay 2026-10),2026-10-05
fullsend#6377,fullsend#6336,not_related,,ai (replay 2026-10),2026-10-05
fullsend#6396,fullsend#6416,not_related,,ai (replay 2026-10),2026-10-05
fullsend#6399,fullsend#5887,not_related,,ai (replay 2026-10),2026-10-05
fullsend#6399,fullsend#6250,not_related,,ai (replay 2026-10),2026-10-05
fullsend#6403,fullsend#5957,not_related,,ai (replay 2026-10),2026-10-05
fullsend#6403,fullsend#6340,not_related,,ai (replay 2026-10),2026-10-05
fullsend#6405,fullsend#6355,not_related,,ai (replay 2026-10),2026-10-05
fullsend#6416,fullsend#6036,not_related,,ai (replay 2026-10),2026-10-05
fullsend#6417,fullsend#6036,not_related,,ai (replay 2026-10),2026-10-05
fullsend#6417,fullsend#6419,not_related,,ai (replay 2026-10),2026-10-05
fullsend#6419,fullsend#5773,not_related,,ai (replay 2026-10),2026-10-05
fullsend#6419,fullsend#6074,not_related,,ai (replay 2026-10),2026-10-05
fullsend#6421,fullsend#6036,not_related,,ai (replay 2026-10),2026-10-05
fullsend#6428,fullsend#6217,not_related,,ai (replay 2026-10),2026-10-05
fullsend#6437,fullsend#6421,defect_from_original,medium,ai (replay 2026-10),2026-10-05
fullsend#6446,fullsend#6258,not_related,,ai (replay 2026-10),2026-10-05
fullsend#6446,fullsend#6350,not_related,,ai (replay 2026-10),2026-10-05
fullsend#6449,fullsend#6421,not_related,,ai (replay 2026-10),2026-10-05
fullsend#6449,fullsend#6437,not_related,,ai (replay 2026-10),2026-10-05
fullsend#6451,fullsend#6446,not_related,,ai (replay 2026-10),2026-10-05
fullsend#6451,fullsend#6447,not_related,,ai (replay 2026-10),2026-10-05
fullsend#6461,fullsend#6417,not_related,,ai (replay 2026-10),2026-10-05
fullsend#6472,fullsend#6035,later_change,,ai (replay 2026-10),2026-10-05
fullsend#6476,fullsend#6447,not_related,,ai (replay 2026-10),2026-10-05
fullsend#6479,fullsend#6447,defect_from_original,medium,ai (replay 2026-10),2026-10-05
fullsend#6479,fullsend#6461,not_related,,ai (replay 2026-10),2026-10-05
fullsend#6482,fullsend#6350,not_related,,ai (replay 2026-10),2026-10-05
fullsend#6482,fullsend#6451,defect_from_original,low,ai (replay 2026-10),2026-10-05
fullsend#6491,fullsend#6482,defect_from_original,high,ai (replay 2026-10),2026-10-05
fullsend#6505,fullsend#6467,defect_from_original,medium,ai (replay 2026-10),2026-10-05
fullsend#6510,fullsend#6495,defect_from_original,low,ai (replay 2026-10),2026-10-05
fullsend#6513,fullsend#5697,not_related,,ai (replay 2026-10),2026-10-05
fullsend#6513,fullsend#6534,not_related,,ai (replay 2026-10),2026-10-05
fullsend#6521,fullsend#6313,not_related,,ai (replay 2026-10),2026-10-05
fullsend#6521,fullsend#6519,not_related,,ai (replay 2026-10),2026-10-05
fullsend#6523,fullsend#6467,not_related,,ai (replay 2026-10),2026-10-05
fullsend#6523,fullsend#6505,not_related,,ai (replay 2026-10),2026-10-05
fullsend#653,fullsend#540,not_related,,ai (replay 2026-10),2026-10-05
fullsend#6537,fullsend#5702,not_related,,ai (replay 2026-10),2026-10-05
fullsend#6537,fullsend#5767,not_related,,ai (replay 2026-10),2026-10-05
fullsend#6537,fullsend#5840,not_related,,ai (replay 2026-10),2026-10-05
fullsend#6537,fullsend#5857,not_related,,ai (replay 2026-10),2026-10-05
fullsend#6537,fullsend#5865,not_related,,ai (replay 2026-10),2026-10-05
fullsend#6542,fullsend#6536,later_change,,ai (replay 2026-10),2026-10-05
fullsend#6542,fullsend#6585,not_related,,ai (replay 2026-10),2026-10-05
fullsend#6555,fullsend#6549,not_related,,ai (replay 2026-10),2026-10-05
fullsend#6559,fullsend#6555,not_related,,ai (replay 2026-10),2026-10-05
fullsend#6565,fullsend#6513,not_related,,ai (replay 2026-10),2026-10-05
fullsend#6565,fullsend#6695,not_related,,ai (replay 2026-10),2026-10-05
fullsend#6568,fullsend#5951,later_change,,ai (replay 2026-10),2026-10-05
fullsend#6579,fullsend#6695,not_related,,ai (replay 2026-10),2026-10-05
fullsend#6579,fullsend#6753,not_related,,ai (replay 2026-10),2026-10-05
fullsend#6580,fullsend#6559,not_related,,ai (replay 2026-10),2026-10-05
fullsend#6585,fullsend#6355,not_related,,ai (replay 2026-10),2026-10-05
fullsend#6585,fullsend#6536,not_related,,ai (replay 2026-10),2026-10-05
fullsend#6593,fullsend#5957,not_related,,ai (replay 2026-10),2026-10-05
fullsend#6593,fullsend#6285,not_related,,ai (replay 2026-10),2026-10-05
fullsend#6616,fullsend#6585,later_change,,ai (replay 2026-10),2026-10-05
fullsend#6619,fullsend#6580,defect_from_original,low,ai (replay 2026-10),2026-10-05
fullsend#6620,fullsend#6580,defect_from_original,medium,ai (replay 2026-10),2026-10-05
fullsend#6639,fullsend#5951,defect_from_original,medium,ai (replay 2026-10),2026-10-05
fullsend#6641,fullsend#6200,defect_from_original,low,ai (replay 2026-10),2026-10-05
fullsend#6647,fullsend#6552,not_related,,ai (replay 2026-10),2026-10-05
fullsend#6652,fullsend#6620,not_related,,ai (replay 2026-10),2026-10-05
fullsend#6654,fullsend#6336,later_change,,ai (replay 2026-10),2026-10-05
fullsend#6654,fullsend#6373,not_related,,ai (replay 2026-10),2026-10-05
fullsend#6676,fullsend#6728,not_related,,ai (replay 2026-10),2026-10-05
fullsend#6677,fullsend#6583,not_related,,ai (replay 2026-10),2026-10-05
fullsend#6677,fullsend#6695,not_related,,ai (replay 2026-10),2026-10-05
fullsend#6693,fullsend#6687,not_related,,ai (replay 2026-10),2026-10-05
fullsend#6696,fullsend#6110,later_change,,ai (replay 2026-10),2026-10-05
fullsend#6696,fullsend#6523,not_related,,ai (replay 2026-10),2026-10-05
fullsend#6698,fullsend#6647,not_related,,ai (replay 2026-10),2026-10-05
fullsend#6705,fullsend#6647,not_related,,ai (replay 2026-10),2026-10-05
fullsend#6705,fullsend#6669,not_related,,ai (replay 2026-10),2026-10-05
fullsend#6705,fullsend#6698,not_related,,ai (replay 2026-10),2026-10-05
fullsend#6711,fullsend#6048,not_related,,ai (replay 2026-10),2026-10-05
fullsend#6711,fullsend#6144,defect_from_original,low,ai (replay 2026-10),2026-10-05
fullsend#6722,fullsend#6484,not_related,,ai (replay 2026-10),2026-10-05
fullsend#6722,fullsend#6661,not_related,,ai (replay 2026-10),2026-10-05
fullsend#6723,fullsend#6484,not_related,,ai (replay 2026-10),2026-10-05
fullsend#6723,fullsend#6722,not_related,,ai (replay 2026-10),2026-10-05
fullsend#6724,fullsend#6661,defect_from_original,medium,ai (replay 2026-10),2026-10-05
fullsend#673,fullsend#399,not_related,,ai (replay 2026-10),2026-10-05
fullsend#6731,fullsend#6722,not_related,,ai (replay 2026-10),2026-10-05
fullsend#6731,fullsend#6723,not_related,,ai (replay 2026-10),2026-10-05
fullsend#6731,fullsend#6724,not_related,,ai (replay 2026-10),2026-10-05
fullsend#6747,fullsend#6285,not_related,,ai (replay 2026-10),2026-10-05
fullsend#6749,fullsend#6695,not_related,,ai (replay 2026-10),2026-10-05
fullsend#6752,fullsend#6745,not_related,,ai (replay 2026-10),2026-10-05
fullsend#6753,fullsend#6695,not_related,,ai (replay 2026-10),2026-10-05
fullsend#6753,fullsend#6766,not_related,,ai (replay 2026-10),2026-10-05
fullsend#6755,fullsend#6403,not_related,,ai (replay 2026-10),2026-10-05
fullsend#6755,fullsend#6695,not_related,,ai (replay 2026-10),2026-10-05
fullsend#6763,fullsend#6695,not_related,,ai (replay 2026-10),2026-10-05
fullsend#6763,fullsend#6755,not_related,,ai (replay 2026-10),2026-10-05
fullsend#6766,fullsend#6495,not_related,,ai (replay 2026-10),2026-10-05
fullsend#6766,fullsend#6534,not_related,,ai (replay 2026-10),2026-10-05
fullsend#6769,fullsend#6695,not_related,,ai (replay 2026-10),2026-10-05
fullsend#6769,fullsend#6755,not_related,,ai (replay 2026-10),2026-10-05
fullsend#6774,fullsend#6619,not_related,,ai (replay 2026-10),2026-10-05
fullsend#6774,fullsend#6620,not_related,,ai (replay 2026-10),2026-10-05
fullsend#6784,fullsend#6779,defect_from_original,medium,ai (replay 2026-10),2026-10-05
fullsend#6801,fullsend#6159,not_related,,ai (replay 2026-10),2026-10-05
fullsend#6812,fullsend#6036,not_related,,ai (replay 2026-10),2026-10-05
fullsend#6814,fullsend#5996,later_change,,ai (replay 2026-10),2026-10-05
fullsend#6814,fullsend#6144,not_related,,ai (replay 2026-10),2026-10-05
fullsend#6819,fullsend#6723,defect_from_original,medium,ai (replay 2026-10),2026-10-05
fullsend#6823,fullsend#6819,not_related,,ai (replay 2026-10),2026-10-05
fullsend#6832,fullsend#6819,not_related,,ai (replay 2026-10),2026-10-05
fullsend#6833,fullsend#6340,not_related,,ai (replay 2026-10),2026-10-05
fullsend#684,fullsend#240,defect_from_original,medium,ai (replay 2026-10),2026-10-05
fullsend#6841,fullsend#6771,not_related,,ai (replay 2026-10),2026-10-05
fullsend#6845,fullsend#6542,not_related,,ai (replay 2026-10),2026-10-05
fullsend#685,fullsend#684,defect_from_original,medium,ai (replay 2026-10),2026-10-05
fullsend#6861,fullsend#6536,not_related,,ai (replay 2026-10),2026-10-05
fullsend#687,fullsend#399,not_related,,ai (replay 2026-10),2026-10-05
fullsend#6874,fullsend#6676,not_related,,ai (replay 2026-10),2026-10-05
fullsend#6874,fullsend#6753,not_related,,ai (replay 2026-10),2026-10-05
fullsend#6881,fullsend#6813,defect_from_original,medium,ai (replay 2026-10),2026-10-05
fullsend#6886,fullsend#6813,defect_from_original,medium,ai (replay 2026-10),2026-10-05
fullsend#6887,fullsend#6889,not_related,,ai (replay 2026-10),2026-10-05
fullsend#6888,fullsend#6887,not_related,,ai (replay 2026-10),2026-10-05
fullsend#6889,fullsend#6813,not_related,,ai (replay 2026-10),2026-10-05
fullsend#689,fullsend#343,not_related,,ai (replay 2026-10),2026-10-05
fullsend#6890,fullsend#6886,not_related,,ai (replay 2026-10),2026-10-05
fullsend#6896,fullsend#6888,not_related,,ai (replay 2026-10),2026-10-05
fullsend#6907,fullsend#6908,not_related,,ai (replay 2026-10),2026-10-05
fullsend#6908,fullsend#6147,not_related,,ai (replay 2026-10),2026-10-05
fullsend#6908,fullsend#6753,not_related,,ai (replay 2026-10),2026-10-05
fullsend#6935,fullsend#6908,defect_from_original,low,ai (replay 2026-10),2026-10-05
fullsend#6938,fullsend#6908,not_related,,ai (replay 2026-10),2026-10-05
fullsend#6947,fullsend#6591,not_related,,ai (replay 2026-10),2026-10-05
fullsend#6975,fullsend#6647,defect_from_original,high,ai (replay 2026-10),2026-10-05
fullsend#6975,fullsend#6654,not_related,,ai (replay 2026-10),2026-10-05
fullsend#699,fullsend#531,not_related,,ai (replay 2026-10),2026-10-05
fullsend#699,fullsend#653,not_related,,ai (replay 2026-10),2026-10-05
fullsend#6993,fullsend#6661,not_related,,ai (replay 2026-10),2026-10-05
fullsend#6993,fullsend#6982,defect_from_original,medium,ai (replay 2026-10),2026-10-05
fullsend#6996,fullsend#6772,not_related,,ai (replay 2026-10),2026-10-05
fullsend#6998,fullsend#6223,not_related,,ai (replay 2026-10),2026-10-05
fullsend#7002,fullsend#6753,not_related,,ai (replay 2026-10),2026-10-05
fullsend#7009,fullsend#6467,later_change,,ai (replay 2026-10),2026-10-05
fullsend#7009,fullsend#6926,later_change,,ai (replay 2026-10),2026-10-05
fullsend#7016,fullsend#7976,not_related,,ai (replay 2026-10),2026-10-05
fullsend#7028,fullsend#7025,not_related,,ai (replay 2026-10),2026-10-05
fullsend#7033,fullsend#7025,not_related,,ai (replay 2026-10),2026-10-05
fullsend#7049,fullsend#6754,not_related,,ai (replay 2026-10),2026-10-05
fullsend#7049,fullsend#7038,not_related,,ai (replay 2026-10),2026-10-05
fullsend#7057,fullsend#6927,not_related,,ai (replay 2026-10),2026-10-05
fullsend#706,fullsend#680,not_related,,ai (replay 2026-10),2026-10-05
fullsend#7060,fullsend#6437,defect_from_original,low,ai (replay 2026-10),2026-10-05
fullsend#7061,fullsend#6675,not_related,,ai (replay 2026-10),2026-10-05
fullsend#7064,fullsend#7049,defect_from_original,low,ai (replay 2026-10),2026-10-05
fullsend#7070,fullsend#6434,defect_from_original,medium,ai (replay 2026-10),2026-10-05
fullsend#7073,fullsend#6988,not_related,,ai (replay 2026-10),2026-10-05
fullsend#7075,fullsend#6001,not_related,,ai (replay 2026-10),2026-10-05
fullsend#708,fullsend#393,not_related,,ai (replay 2026-10),2026-10-05
fullsend#708,fullsend#521,not_related,,ai (replay 2026-10),2026-10-05
fullsend#709,fullsend#318,not_related,,ai (replay 2026-10),2026-10-05
fullsend#709,fullsend#689,not_related,,ai (replay 2026-10),2026-10-05
fullsend#7091,fullsend#6365,not_related,,ai (replay 2026-10),2026-10-05
fullsend#7098,fullsend#6583,not_related,,ai (replay 2026-10),2026-10-05
fullsend#712,fullsend#685,defect_from_original,medium,ai (replay 2026-10),2026-10-05
fullsend#7125,fullsend#6654,not_related,,ai (replay 2026-10),2026-10-05
fullsend#7132,fullsend#6661,not_related,,ai (replay 2026-10),2026-10-05
fullsend#7132,fullsend#6982,not_related,,ai (replay 2026-10),2026-10-05
fullsend#7133,fullsend#6467,later_change,,ai (replay 2026-10),2026-10-05
fullsend#714,fullsend#386,not_related,,ai (replay 2026-10),2026-10-05
fullsend#7167,fullsend#6285,not_related,,ai (replay 2026-10),2026-10-05
fullsend#7167,fullsend#7139,not_related,,ai (replay 2026-10),2026-10-05
fullsend#7188,fullsend#6880,defect_from_original,low,ai (replay 2026-10),2026-10-05
fullsend#719,fullsend#242,later_change,,ai (replay 2026-10),2026-10-05
fullsend#719,fullsend#375,later_change,,person (replay 2026-10),2026-10-05
fullsend#7204,fullsend#6897,not_related,,ai (replay 2026-10),2026-10-05
fullsend#7215,fullsend#7070,not_related,,ai (replay 2026-10),2026-10-05
fullsend#723,fullsend#679,defect_from_original,medium,ai (replay 2026-10),2026-10-05
fullsend#7234,fullsend#7167,not_related,,ai (replay 2026-10),2026-10-05
fullsend#7239,fullsend#6972,later_change,,ai (replay 2026-10),2026-10-05
fullsend#7244,fullsend#5951,later_change,,ai (replay 2026-10),2026-10-05
fullsend#7244,fullsend#7211,not_related,,ai (replay 2026-10),2026-10-05
fullsend#7250,fullsend#7193,not_related,,ai (replay 2026-10),2026-10-05
fullsend#7256,fullsend#7244,not_related,,ai (replay 2026-10),2026-10-05
fullsend#726,fullsend#448,defect_from_original,medium,ai (replay 2026-10),2026-10-05
fullsend#726,fullsend#706,not_related,,ai (replay 2026-10),2026-10-05
fullsend#7266,fullsend#6972,not_related,,ai (replay 2026-10),2026-10-05
fullsend#7267,fullsend#6572,later_change,,ai (replay 2026-10),2026-10-05
fullsend#7271,fullsend#6683,not_related,,ai (replay 2026-10),2026-10-05
fullsend#7294,fullsend#6403,not_related,,ai (replay 2026-10),2026-10-05
fullsend#7296,fullsend#6744,not_related,,ai (replay 2026-10),2026-10-05
fullsend#7308,fullsend#7302,defect_from_original,low,ai (replay 2026-10),2026-10-05
fullsend#7327,fullsend#6743,not_related,,ai (replay 2026-10),2026-10-05
fullsend#7333,fullsend#6661,later_change,,ai (replay 2026-10),2026-10-05
fullsend#735,fullsend#696,not_related,,ai (replay 2026-10),2026-10-05
fullsend#7351,fullsend#6747,not_related,,ai (replay 2026-10),2026-10-05
fullsend#7352,fullsend#6367,not_related,,ai (replay 2026-10),2026-10-05
fullsend#7352,fullsend#6801,not_related,,ai (replay 2026-10),2026-10-05
fullsend#736,fullsend#239,later_change,,ai (replay 2026-10),2026-10-05
fullsend#736,fullsend#487,not_related,,ai (replay 2026-10),2026-10-05
fullsend#7369,fullsend#6403,not_related,,ai (replay 2026-10),2026-10-05
fullsend#7369,fullsend#6814,not_related,,ai (replay 2026-10),2026-10-05
fullsend#7370,fullsend#6845,not_related,,ai (replay 2026-10),2026-10-05
fullsend#7375,fullsend#7244,not_related,,ai (replay 2026-10),2026-10-05
fullsend#7385,fullsend#6498,not_related,,ai (replay 2026-10),2026-10-05
fullsend#7408,fullsend#7262,later_change,,ai (replay 2026-10),2026-10-05
fullsend#7412,fullsend#6217,not_related,,ai (replay 2026-10),2026-10-05
fullsend#7416,fullsend#7342,not_related,,ai (replay 2026-10),2026-10-05
fullsend#743,fullsend#687,not_related,,ai (replay 2026-10),2026-10-05
fullsend#7442,fullsend#7096,defect_from_original,medium,ai (replay 2026-10),2026-10-05
fullsend#7460,fullsend#7253,not_related,,ai (replay 2026-10),2026-10-05
fullsend#747,fullsend#515,not_related,,ai (replay 2026-10),2026-10-05
fullsend#747,fullsend#603,not_related,,ai (replay 2026-10),2026-10-05
fullsend#7482,fullsend#6753,defect_from_original,low,ai (replay 2026-10),2026-10-05
fullsend#7482,fullsend#7049,not_related,,ai (replay 2026-10),2026-10-05
fullsend#749,fullsend#666,not_related,,ai (replay 2026-10),2026-10-05
fullsend#7515,fullsend#7512,later_change,,ai (replay 2026-10),2026-10-05
fullsend#7537,fullsend#6774,not_related,,ai (replay 2026-10),2026-10-05
fullsend#7537,fullsend#7533,not_related,,ai (replay 2026-10),2026-10-05
fullsend#756,fullsend#268,not_related,,ai (replay 2026-10),2026-10-05
fullsend#7566,fullsend#7266,not_related,,ai (replay 2026-10),2026-10-05
fullsend#7569,fullsend#6383,not_related,,ai (replay 2026-10),2026-10-05
fullsend#7573,fullsend#6952,not_related,,ai (replay 2026-10),2026-10-05
fullsend#7575,fullsend#6647,not_related,,ai (replay 2026-10),2026-10-05
fullsend#7575,fullsend#7562,not_related,,ai (replay 2026-10),2026-10-05
fullsend#7588,fullsend#7510,not_related,,ai (replay 2026-10),2026-10-05
fullsend#759,fullsend#390,not_related,,ai (replay 2026-10),2026-10-05
fullsend#759,fullsend#758,not_related,,ai (replay 2026-10),2026-10-05
fullsend#760,fullsend#698,not_related,,ai (replay 2026-10),2026-10-05
fullsend#7620,fullsend#7584,defect_from_original,high,ai (replay 2026-10),2026-10-05
fullsend#7626,fullsend#7557,defect_from_original,high,ai (replay 2026-10),2026-10-05
fullsend#7643,fullsend#6687,not_related,,ai (replay 2026-10),2026-10-05
fullsend#7643,fullsend#7061,not_related,,ai (replay 2026-10),2026-10-05
fullsend#7650,fullsend#7333,not_related,,ai (replay 2026-10),2026-10-05
fullsend#7664,fullsend#7652,not_related,,ai (replay 2026-10),2026-10-05
fullsend#7688,fullsend#6833,not_related,,ai (replay 2026-10),2026-10-05
fullsend#7697,fullsend#7669,not_related,,ai (replay 2026-10),2026-10-05
fullsend#7702,fullsend#7626,not_related,,ai (replay 2026-10),2026-10-05
fullsend#7722,fullsend#6926,defect_from_original,medium,ai (replay 2026-10),2026-10-05
fullsend#775,fullsend#603,defect_from_original,medium,ai (replay 2026-10),2026-10-05
fullsend#775,fullsend#689,later_change,,ai (replay 2026-10),2026-10-05
fullsend#7797,fullsend#7713,not_related,,ai (replay 2026-10),2026-10-05
fullsend#781,fullsend#775,not_related,,ai (replay 2026-10),2026-10-05
fullsend#7812,fullsend#7813,not_related,,ai (replay 2026-10),2026-10-05
fullsend#7817,fullsend#7759,later_change,,ai (replay 2026-10),2026-10-05
fullsend#7826,fullsend#7812,defect_from_original,medium,ai (replay 2026-10),2026-10-05
fullsend#7827,fullsend#7747,not_related,,ai (replay 2026-10),2026-10-05
fullsend#783,fullsend#770,not_related,,ai (replay 2026-10),2026-10-05
fullsend#784,fullsend#759,not_related,,ai (replay 2026-10),2026-10-05
fullsend#7843,fullsend#7398,defect_from_original,medium,ai (replay 2026-10),2026-10-05
fullsend#7844,fullsend#7398,not_related,,ai (replay 2026-10),2026-10-05
fullsend#7844,fullsend#7843,not_related,,ai (replay 2026-10),2026-10-05
fullsend#7845,fullsend#7233,defect_from_original,medium,ai (replay 2026-10),2026-10-05
fullsend#7847,fullsend#7233,defect_from_original,high,ai (replay 2026-10),2026-10-05
fullsend#7847,fullsend#7266,not_related,,ai (replay 2026-10),2026-10-05
fullsend#785,fullsend#396,later_change,,ai (replay 2026-10),2026-10-05
fullsend#785,fullsend#557,not_related,,ai (replay 2026-10),2026-10-05
fullsend#786,fullsend#363,not_related,,ai (replay 2026-10),2026-10-05
fullsend#7865,fullsend#7233,defect_from_original,medium,ai (replay 2026-10),2026-10-05
fullsend#7865,fullsend#7847,not_related,,ai (replay 2026-10),2026-10-05
fullsend#7879,fullsend#6797,defect_from_original,low,ai (replay 2026-10),2026-10-05
fullsend#790,fullsend#689,not_related,,ai (replay 2026-10),2026-10-05
fullsend#7922,fullsend#7865,not_related,,ai (replay 2026-10),2026-10-05
fullsend#7925,fullsend#7826,not_related,,ai (replay 2026-10),2026-10-05
fullsend#7928,fullsend#7887,later_change,,ai (replay 2026-10),2026-10-05
fullsend#7936,fullsend#7916,not_related,,ai (replay 2026-10),2026-10-05
fullsend#7938,fullsend#7827,not_related,,ai (replay 2026-10),2026-10-05
fullsend#7958,fullsend#7926,not_related,,ai (replay 2026-10),2026-10-05
fullsend#7967,fullsend#7817,defect_from_original,high,ai (replay 2026-10),2026-10-05
fullsend#7986,fullsend#7742,not_related,,ai (replay 2026-10),2026-10-05
fullsend#8008,fullsend#7995,defect_from_original,medium,ai (replay 2026-10),2026-10-05
fullsend#8045,fullsend#8015,defect_from_original,high,ai (replay 2026-10),2026-10-05
fullsend#808,fullsend#284,later_change,,ai (replay 2026-10),2026-10-05
fullsend#811,fullsend#755,not_related,,ai (replay 2026-10),2026-10-05
fullsend#820,fullsend#783,defect_from_original,low,ai (replay 2026-10),2026-10-05
fullsend#820,fullsend#791,not_related,,ai (replay 2026-10),2026-10-05
fullsend#831,fullsend#708,not_related,,ai (replay 2026-10),2026-10-05
fullsend#831,fullsend#759,not_related,,ai (replay 2026-10),2026-10-05
fullsend#843,fullsend#783,not_related,,ai (replay 2026-10),2026-10-05
fullsend#843,fullsend#831,not_related,,ai (replay 2026-10),2026-10-05
fullsend#847,fullsend#503,defect_from_original,medium,ai (replay 2026-10),2026-10-05
fullsend#851,fullsend#337,not_related,,ai (replay 2026-10),2026-10-05
fullsend#855,fullsend#657,later_change,,ai (replay 2026-10),2026-10-05
fullsend#862,fullsend#1261,not_related,,ai (replay 2026-10),2026-10-05
fullsend#862,fullsend#1425,not_related,,ai (replay 2026-10),2026-10-05
fullsend#864,fullsend#503,defect_from_original,low,ai (replay 2026-10),2026-10-05
fullsend#865,fullsend#503,not_related,,ai (replay 2026-10),2026-10-05
fullsend#869,fullsend#783,not_related,,ai (replay 2026-10),2026-10-05
fullsend#873,fullsend#337,later_change,,ai (replay 2026-10),2026-10-05
fullsend#901,fullsend#612,not_related,,ai (replay 2026-10),2026-10-05
fullsend#906,fullsend#1021,not_related,,ai (replay 2026-10),2026-10-05
fullsend#906,fullsend#928,not_related,,ai (replay 2026-10),2026-10-05
fullsend#920,fullsend#904,not_related,,ai (replay 2026-10),2026-10-05
fullsend#929,fullsend#799,not_related,,ai (replay 2026-10),2026-10-05
fullsend#931,fullsend#904,defect_from_original,medium,ai (replay 2026-10),2026-10-05
fullsend#931,fullsend#920,not_related,,ai (replay 2026-10),2026-10-05
fullsend#936,fullsend#904,not_related,,ai (replay 2026-10),2026-10-05
fullsend#952,fullsend#816,not_related,,ai (replay 2026-10),2026-10-05
fullsend#964,fullsend#783,not_related,,ai (replay 2026-10),2026-10-05
fullsend#964,fullsend#831,not_related,,ai (replay 2026-10),2026-10-05
fullsend#964,fullsend#843,defect_from_original,low,ai (replay 2026-10),2026-10-05
fullsend#968,fullsend#657,defect_from_original,medium,ai (replay 2026-10),2026-10-05
fullsend#995,fullsend#967,defect_from_original,medium,ai (replay 2026-10),2026-10-05
fullsend#998,fullsend#995,defect_from_original,medium,ai (replay 2026-10),2026-10-05
fullsend#7842,fullsend#7682,unjudged,,,
fullsend#7829,fullsend#7747,unjudged,,,
fullsend#8134,fullsend#8120,unjudged,,,
fullsend#8162,fullsend#8150,unjudged,,,
fullsend#1015,fullsend#1010,unjudged,,,
fullsend#1015,fullsend#994,unjudged,,,
fullsend#1015,fullsend#998,unjudged,,,
fullsend#665,fullsend#662,unjudged,,,
fullsend#1234,fullsend#1151,unjudged,,,
fullsend#1233,fullsend#1180,unjudged,,,
fullsend#1215,fullsend#1211,unjudged,,,
fullsend#1621,fullsend#1258,unjudged,,,
fullsend#1621,fullsend#1259,unjudged,,,
fullsend#1621,fullsend#1261,unjudged,,,
fullsend#1690,fullsend#1677,unjudged,,,
fullsend#1615,fullsend#1612,unjudged,,,
fullsend#1760,fullsend#1623,unjudged,,,
fullsend#1861,fullsend#1845,unjudged,,,
fullsend#1861,fullsend#1846,unjudged,,,
fullsend#1912,fullsend#652,unjudged,,,
fullsend#1944,fullsend#1921,unjudged,,,
fullsend#1923,fullsend#1857,unjudged,,,
fullsend#2035,fullsend#764,unjudged,,,
fullsend#2038,fullsend#792,unjudged,,,
fullsend#2022,fullsend#1923,unjudged,,,
fullsend#2049,fullsend#1857,unjudged,,,
fullsend#2049,fullsend#1923,unjudged,,,
fullsend#2049,fullsend#2022,unjudged,,,
fullsend#2082,fullsend#2049,unjudged,,,
fullsend#2068,fullsend#2048,unjudged,,,
fullsend#2097,fullsend#1698,unjudged,,,
fullsend#2128,fullsend#2100,unjudged,,,
fullsend#2140,fullsend#2128,unjudged,,,
fullsend#2142,fullsend#2127,unjudged,,,
fullsend#2142,fullsend#2128,unjudged,,,
fullsend#2223,fullsend#2173,unjudged,,,
fullsend#2256,fullsend#2240,unjudged,,,
fullsend#2398,fullsend#1988,unjudged,,,
fullsend#2400,fullsend#2334,unjudged,,,
fullsend#2288,fullsend#1834,unjudged,,,
fullsend#2517,fullsend#2446,unjudged,,,
fullsend#2517,fullsend#2447,unjudged,,,
fullsend#2517,fullsend#2448,unjudged,,,
fullsend#2509,fullsend#2508,unjudged,,,
fullsend#2663,fullsend#1055,unjudged,,,
fullsend#2392,fullsend#2340,unjudged,,,
fullsend#2657,fullsend#2627,unjudged,,,
fullsend#2763,fullsend#2582,unjudged,,,
fullsend#2769,fullsend#2768,unjudged,,,
fullsend#2736,fullsend#2720,unjudged,,,
fullsend#2756,fullsend#2582,unjudged,,,
fullsend#3058,fullsend#1682,unjudged,,,
fullsend#3058,fullsend#2010,unjudged,,,
fullsend#3058,fullsend#2011,unjudged,,,
agents#21,agents#19,unjudged,,,
fullsend#3079,agents#25,unjudged,,,
fullsend#2583,fullsend#2409,unjudged,,,
fullsend#2219,fullsend#2150,unjudged,,,
fullsend#2360,fullsend#1954,unjudged,,,
agents#37,agents#29,unjudged,,,
fullsend#2932,agents#12,unjudged,,,
fullsend#3696,fullsend#2503,unjudged,,,
fullsend#3696,fullsend#2534,unjudged,,,
fullsend#3031,fullsend#3001,unjudged,,,
fullsend#3031,fullsend#3002,unjudged,,,
agents#89,agents#84,unjudged,,,
agents#135,agents#109,unjudged,,,
agents#135,agents#96,unjudged,,,
fullsend#4080,fullsend#4081,unjudged,,,
fullsend#4079,fullsend#4081,unjudged,,,
fullsend#3063,fullsend#2009,unjudged,,,
fullsend#3065,fullsend#1682,unjudged,,,
fullsend#5267,fullsend#4080,unjudged,,,
fullsend#5273,fullsend#3001,unjudged,,,
fullsend#5273,fullsend#3002,unjudged,,,
fullsend#5273,fullsend#3003,unjudged,,,
fullsend#5273,fullsend#3031,unjudged,,,
fullsend#5273,fullsend#3033,unjudged,,,
fullsend#5273,fullsend#4079,unjudged,,,
fullsend#5273,fullsend#4080,unjudged,,,
fullsend#5273,fullsend#4081,unjudged,,,
agents#295,fullsend#5273,unjudged,,,
agents#355,agents#248,unjudged,,,
fullsend#5269,fullsend#4080,unjudged,,,
fullsend#5459,fullsend#5447,unjudged,,,
fullsend#5506,fullsend#5497,unjudged,,,
fullsend#5423,fullsend#4049,unjudged,,,
fullsend#5404,fullsend#5309,unjudged,,,
fullsend#5546,fullsend#5489,unjudged,,,
fullsend#5587,fullsend#5478,unjudged,,,
fullsend#5682,fullsend#5588,unjudged,,,
fullsend#5713,fullsend#5701,unjudged,,,
agents#527,fullsend#5688,unjudged,,,
fullsend#5673,fullsend#5654,unjudged,,,
fullsend#5741,fullsend#5713,unjudged,,,
fullsend#5741,fullsend#5747,unjudged,,,
agents#536,fullsend#5737,unjudged,,,
fullsend#5739,agents#536,unjudged,,,
fullsend#5786,fullsend#5752,unjudged,,,
fullsend#5866,fullsend#5697,unjudged,,,
fullsend#5866,fullsend#5836,unjudged,,,
fullsend#5933,fullsend#5916,unjudged,,,
fullsend#5888,fullsend#5887,unjudged,,,
agents#673,agents#592,unjudged,,,
fullsend#5996,fullsend#5993,unjudged,,,
fullsend#6112,fullsend#6037,unjudged,,,
fullsend#6078,fullsend#5962,unjudged,,,
agents#686,fullsend#5918,unjudged,,,
fullsend#6147,fullsend#6035,unjudged,,,
fullsend#6277,fullsend#6255,unjudged,,,
fullsend#6248,fullsend#6242,unjudged,,,
fullsend#6245,fullsend#6239,unjudged,,,
agents#813,agents#686,unjudged,,,
fullsend#6272,fullsend#6237,unjudged,,,
agents#827,fullsend#6237,unjudged,,,
fullsend#6329,fullsend#5413,unjudged,,,
agents#815,agents#686,unjudged,,,
fullsend#6036,fullsend#5944,unjudged,,,
agents#722,fullsend#6036,unjudged,,,
agents#908,agents#817,unjudged,,,
fullsend#6467,fullsend#6035,unjudged,,,
fullsend#6476,agents#917,unjudged,,,
fullsend#5957,fullsend#5736,unjudged,,,
fullsend#6285,fullsend#6237,unjudged,,,
fullsend#6429,fullsend#5788,unjudged,,,
fullsend#6429,fullsend#6036,unjudged,,,
fullsend#6540,fullsend#6574,unjudged,,,
fullsend#6540,fullsend#6583,unjudged,,,
fullsend#6523,agents#965,unjudged,,,
fullsend#6069,fullsend#6028,unjudged,,,
fullsend#6234,fullsend#6202,unjudged,,,
agents#1054,fullsend#6611,unjudged,,,
fullsend#6441,fullsend#6437,unjudged,,,
fullsend#6457,fullsend#6206,unjudged,,,
agents#1024,fullsend#6285,unjudged,,,
fullsend#6698,fullsend#6669,unjudged,,,
fullsend#6695,fullsend#5673,unjudged,,,
agents#1081,fullsend#6695,unjudged,,,
fullsend#6613,fullsend#6513,unjudged,,,
fullsend#6613,fullsend#6523,unjudged,,,
fullsend#6613,fullsend#6540,unjudged,,,
fullsend#6613,fullsend#6583,unjudged,,,
fullsend#6613,fullsend#6585,unjudged,,,
fullsend#6771,fullsend#6652,unjudged,,,
fullsend#6753,fullsend#6752,unjudged,,,
fullsend#6753,fullsend#6772,unjudged,,,
fullsend#6975,agents#1118,unjudged,,,
fullsend#6989,fullsend#6884,unjudged,,,
fullsend#6942,fullsend#6923,unjudged,,,
fullsend#6839,fullsend#6789,unjudged,,,
fullsend#6500,fullsend#6495,unjudged,,,
fullsend#6754,fullsend#6752,unjudged,,,
fullsend#6756,fullsend#6752,unjudged,,,
fullsend#6756,fullsend#6754,unjudged,,,
fullsend#7025,fullsend#7024,unjudged,,,
agents#1178,agents#1181,unjudged,,,
agents#1178,fullsend#7038,unjudged,,,
fullsend#6085,fullsend#6037,unjudged,,,
fullsend#6130,fullsend#6078,unjudged,,,
fullsend#7086,fullsend#6549,unjudged,,,
agents#1194,agents#1160,unjudged,,,
agents#1194,fullsend#7038,unjudged,,,
agents#1194,fullsend#7044,unjudged,,,
fullsend#7116,agents#1194,unjudged,,,
fullsend#7116,agents#1211,unjudged,,,
agents#1209,agents#1194,unjudged,,,
agents#1209,agents#1211,unjudged,,,
fullsend#6880,fullsend#6711,unjudged,,,
fullsend#6470,fullsend#6446,unjudged,,,
fullsend#6383,fullsend#6459,unjudged,,,
fullsend#6909,fullsend#6956,unjudged,,,
fullsend#7374,fullsend#7368,unjudged,,,
fullsend#7383,fullsend#7368,unjudged,,,
fullsend#7383,fullsend#7374,unjudged,,,
fullsend#7227,fullsend#6301,unjudged,,,
agents#1358,agents#1257,unjudged,,,
fullsend#6603,fullsend#6429,unjudged,,,
fullsend#6603,fullsend#7009,unjudged,,,
fullsend#7431,fullsend#7418,unjudged,,,
fullsend#7212,fullsend#6383,unjudged,,,
fullsend#7432,fullsend#7420,unjudged,,,
fullsend#7454,fullsend#6603,unjudged,,,
fullsend#7512,fullsend#7510,unjudged,,,
fullsend#7514,fullsend#7506,unjudged,,,
fullsend#7514,fullsend#7508,unjudged,,,
agents#1403,agents#1386,unjudged,,,
fullsend#7557,fullsend#7530,unjudged,,,
fullsend#7562,fullsend#7557,unjudged,,,
agents#1274,fullsend#6311,unjudged,,,
fullsend#7437,fullsend#7272,unjudged,,,
agents#1380,fullsend#7454,unjudged,,,
fullsend#7720,agents#1506,unjudged,,,
fullsend#7690,fullsend#7664,unjudged,,,
fullsend#7636,fullsend#7525,unjudged,,,
fullsend#7586,fullsend#7557,unjudged,,,
fullsend#7586,fullsend#7562,unjudged,,,
agents#1557,fullsend#7233,unjudged,,,
agents#1557,fullsend#7845,unjudged,,,
fullsend#7866,fullsend#7843,unjudged,,,
fullsend#7866,fullsend#7863,unjudged,,,
fullsend#7900,fullsend#7052,unjudged,,,
fullsend#7934,fullsend#7747,unjudged,,,
fullsend#7932,fullsend#7923,unjudged,,,
fullsend#7944,fullsend#7827,unjudged,,,
fullsend#7917,fullsend#7916,unjudged,,,
agents#1167,fullsend#6972,unjudged,,,
agents#1167,fullsend#7914,unjudged,,,
agents#1167,fullsend#7917,unjudged,,,
fullsend#7951,fullsend#7233,unjudged,,,
fullsend#7946,fullsend#7816,unjudged,,,
agents#1576,agents#1575,unjudged,,,
fullsend#7956,fullsend#7955,unjudged,,,
fullsend#7976,agents#1513,unjudged,,,
fullsend#7265,fullsend#7976,unjudged,,,
fullsend#7977,fullsend#7265,unjudged,,,
fullsend#7977,fullsend#7976,unjudged,,,
fullsend#7995,fullsend#7016,unjudged,,,
fullsend#7995,fullsend#7265,unjudged,,,
fullsend#7995,fullsend#7976,unjudged,,,
fullsend#7986,fullsend#7995,unjudged,,,
agents#1596,agents#1597,unjudged,,,
agents#1596,fullsend#7995,unjudged,,,
agents#1596,fullsend#8008,unjudged,,,
fullsend#7957,fullsend#7943,unjudged,,,
fullsend#8045,fullsend#8021,unjudged,,,
agents#1599,fullsend#8017,unjudged,,,
agents#1599,fullsend#8019,unjudged,,,
fullsend#911,fullsend#815,unjudged,,,
fullsend#1151,fullsend#1087,unjudged,,,
fullsend#1029,fullsend#1023,unjudged,,,
fullsend#1234,fullsend#974,unjudged,,,
fullsend#1167,fullsend#1049,unjudged,,,
fullsend#1156,fullsend#1053,unjudged,,,
fullsend#1461,fullsend#911,unjudged,,,
fullsend#1231,fullsend#657,unjudged,,,
fullsend#1806,fullsend#1802,unjudged,,,
fullsend#1902,fullsend#1550,unjudged,,,
fullsend#1912,fullsend#1550,unjudged,,,
fullsend#1912,fullsend#1652,unjudged,,,
fullsend#1912,fullsend#1807,unjudged,,,
fullsend#1862,fullsend#1074,unjudged,,,
fullsend#1953,fullsend#1448,unjudged,,,
fullsend#1917,fullsend#1278,unjudged,,,
fullsend#1812,fullsend#1550,unjudged,,,
fullsend#2039,fullsend#764,unjudged,,,
fullsend#2244,fullsend#2211,unjudged,,,
fullsend#2248,fullsend#2146,unjudged,,,
fullsend#2412,fullsend#2323,unjudged,,,
fullsend#2546,fullsend#2480,unjudged,,,
fullsend#2657,fullsend#2446,unjudged,,,
fullsend#2657,fullsend#2447,unjudged,,,
fullsend#2657,fullsend#2448,unjudged,,,
fullsend#2657,fullsend#2514,unjudged,,,
fullsend#2657,fullsend#2517,unjudged,,,
fullsend#2808,agents#4,unjudged,,,
fullsend#2752,fullsend#1489,unjudged,,,
fullsend#2807,agents#4,unjudged,,,
fullsend#2796,fullsend#2210,unjudged,,,
fullsend#2881,fullsend#2796,unjudged,,,
agents#19,agents#12,unjudged,,,
fullsend#2963,fullsend#2769,unjudged,,,
fullsend#2876,fullsend#2811,unjudged,,,
fullsend#2876,fullsend#2870,unjudged,,,
agents#21,agents#12,unjudged,,,
fullsend#2359,fullsend#1954,unjudged,,,
fullsend#3425,fullsend#2733,unjudged,,,
fullsend#3425,fullsend#2751,unjudged,,,
fullsend#3286,fullsend#2219,unjudged,,,
agents#80,agents#40,unjudged,,,
fullsend#3903,fullsend#1489,unjudged,,,
fullsend#3903,fullsend#2752,unjudged,,,
agents#69,fullsend#3393,unjudged,,,
agents#100,agents#94,unjudged,,,
fullsend#3820,fullsend#1982,unjudged,,,
fullsend#3062,fullsend#2525,unjudged,,,
fullsend#3062,fullsend#2671,unjudged,,,
fullsend#4901,fullsend#1982,unjudged,,,
fullsend#5057,fullsend#4864,unjudged,,,
fullsend#5248,fullsend#2626,unjudged,,,
fullsend#5310,fullsend#5181,unjudged,,,
agents#192,fullsend#2774,unjudged,,,
fullsend#5429,fullsend#2492,unjudged,,,
agents#296,fullsend#5273,unjudged,,,
fullsend#5435,fullsend#5429,unjudged,,,
fullsend#5447,fullsend#5348,unjudged,,,
fullsend#5457,fullsend#5429,unjudged,,,
fullsend#5543,fullsend#5488,unjudged,,,
fullsend#5561,fullsend#5527,unjudged,,,
agents#434,agents#4,unjudged,,,
agents#434,agents#78,unjudged,,,
fullsend#5523,fullsend#5482,unjudged,,,
fullsend#5623,fullsend#5617,unjudged,,,
fullsend#5643,fullsend#5623,unjudged,,,
fullsend#5654,fullsend#1982,unjudged,,,
fullsend#5407,fullsend#3820,unjudged,,,
fullsend#5676,fullsend#5640,unjudged,,,
fullsend#5698,fullsend#5407,unjudged,,,
fullsend#5699,fullsend#5693,unjudged,,,
fullsend#5737,fullsend#5588,unjudged,,,
fullsend#4075,fullsend#3903,unjudged,,,
fullsend#5790,fullsend#5357,unjudged,,,
fullsend#5816,fullsend#5807,unjudged,,,
fullsend#5813,fullsend#5807,unjudged,,,
fullsend#5639,fullsend#5615,unjudged,,,
fullsend#5819,fullsend#5816,unjudged,,,
fullsend#5665,fullsend#1982,unjudged,,,
fullsend#5969,fullsend#5936,unjudged,,,
agents#673,fullsend#5732,unjudged,,,
fullsend#6008,fullsend#5578,unjudged,,,
fullsend#5950,fullsend#5615,unjudged,,,
agents#569,agents#566,unjudged,,,
fullsend#6044,fullsend#6000,unjudged,,,
fullsend#6070,fullsend#6028,unjudged,,,
fullsend#5975,fullsend#5427,unjudged,,,
fullsend#6037,fullsend#5950,unjudged,,,
fullsend#5996,fullsend#5778,unjudged,,,
fullsend#6078,fullsend#6074,unjudged,,,
fullsend#6121,fullsend#6037,unjudged,,,
fullsend#6121,fullsend#6112,unjudged,,,
fullsend#6055,fullsend#6048,unjudged,,,
fullsend#6138,fullsend#6121,unjudged,,,
agents#609,agents#566,unjudged,,,
agents#601,agents#566,unjudged,,,
agents#601,fullsend#5798,unjudged,,,
fullsend#6167,fullsend#5181,unjudged,,,
fullsend#6251,agents#658,unjudged,,,
fullsend#6203,agents#757,unjudged,,,
agents#400,agents#381,unjudged,,,
fullsend#6235,fullsend#6202,unjudged,,,
fullsend#6336,fullsend#6315,unjudged,,,
fullsend#6372,agents#609,unjudged,,,
fullsend#6375,fullsend#5596,unjudged,,,
fullsend#6398,fullsend#6139,unjudged,,,
fullsend#6217,fullsend#6199,unjudged,,,
agents#817,agents#813,unjudged,,,
agents#817,agents#815,unjudged,,,
fullsend#6355,fullsend#6218,unjudged,,,
agents#918,agents#686,unjudged,,,
fullsend#6484,fullsend#6447,unjudged,,,
fullsend#6467,fullsend#6355,unjudged,,,
fullsend#6510,fullsend#6467,unjudged,,,
agents#960,agents#946,unjudged,,,
fullsend#6520,fullsend#6355,unjudged,,,
fullsend#6520,fullsend#6467,unjudged,,,
fullsend#6524,fullsend#6505,unjudged,,,
agents#975,agents#965,unjudged,,,
agents#975,fullsend#6534,unjudged,,,
fullsend#6515,fullsend#6336,unjudged,,,
fullsend#6536,fullsend#6467,unjudged,,,
fullsend#6536,fullsend#6534,unjudged,,,
fullsend#6455,fullsend#6340,unjudged,,,
fullsend#6443,fullsend#5523,unjudged,,,
fullsend#6580,fullsend#6555,unjudged,,,
fullsend#6540,agents#965,unjudged,,,
fullsend#6540,fullsend#6508,unjudged,,,
fullsend#6540,fullsend#6534,unjudged,,,
agents#1010,fullsend#6513,unjudged,,,
fullsend#5891,fullsend#5856,unjudged,,,
fullsend#5904,fullsend#5778,unjudged,,,
fullsend#6164,fullsend#6138,unjudged,,,
fullsend#6427,fullsend#6217,unjudged,,,
fullsend#6200,fullsend#6066,unjudged,,,
fullsend#5850,fullsend#5763,unjudged,,,
fullsend#6665,fullsend#6611,unjudged,,,
fullsend#6669,fullsend#6620,unjudged,,,
fullsend#6647,agents#1025,unjudged,,,
fullsend#6779,fullsend#6695,unjudged,,,
fullsend#6784,fullsend#6695,unjudged,,,
fullsend#6705,fullsend#6696,unjudged,,,
fullsend#6786,fullsend#6784,unjudged,,,
fullsend#6975,agents#1160,unjudged,,,
fullsend#6884,fullsend#6579,unjudged,,,
fullsend#6988,fullsend#6744,unjudged,,,
fullsend#6761,fullsend#6749,unjudged,,,
fullsend#6783,fullsend#6779,unjudged,,,
fullsend#7005,fullsend#6500,unjudged,,,
fullsend#7038,fullsend#6756,unjudged,,,
fullsend#7038,fullsend#7025,unjudged,,,
fullsend#7038,fullsend#7028,unjudged,,,
agents#1178,fullsend#6754,unjudged,,,
fullsend#7049,agents#1178,unjudged,,,
fullsend#7077,fullsend#7070,unjudged,,,
fullsend#7053,fullsend#6986,unjudged,,,
fullsend#6085,fullsend#5950,unjudged,,,
fullsend#6130,fullsend#5736,unjudged,,,
fullsend#6130,fullsend#6035,unjudged,,,
fullsend#6130,fullsend#6062,unjudged,,,
fullsend#6130,fullsend#6066,unjudged,,,
fullsend#7094,fullsend#6677,unjudged,,,
fullsend#7113,fullsend#6930,unjudged,,,
fullsend#7139,fullsend#7099,unjudged,,,
fullsend#6465,fullsend#6355,unjudged,,,
fullsend#7205,fullsend#6470,unjudged,,,
agents#1315,agents#1311,unjudged,,,
fullsend#7341,fullsend#7333,unjudged,,,
fullsend#7253,fullsend#7244,unjudged,,,
fullsend#6503,fullsend#6491,unjudged,,,
fullsend#7515,fullsend#7510,unjudged,,,
fullsend#7040,agents#1181,unjudged,,,
fullsend#7040,fullsend#6647,unjudged,,,
fullsend#7040,fullsend#7028,unjudged,,,
fullsend#7666,fullsend#7647,unjudged,,,
fullsend#7703,fullsend#7530,unjudged,,,
fullsend#7703,fullsend#7557,unjudged,,,
fullsend#7703,fullsend#7626,unjudged,,,
fullsend#7625,fullsend#6754,unjudged,,,
fullsend#7705,fullsend#7213,unjudged,,,
fullsend#7755,fullsend#7638,unjudged,,,
fullsend#7778,fullsend#6051,unjudged,,,
fullsend#7813,fullsend#7780,unjudged,,,
fullsend#7233,agents#1513,unjudged,,,
fullsend#7847,agents#1513,unjudged,,,
fullsend#7956,agents#1570,unjudged,,,
fullsend#7956,fullsend#7951,unjudged,,,
fullsend#7016,agents#1167,unjudged,,,
fullsend#7995,fullsend#7266,unjudged,,,
fullsend#8008,agents#1597,unjudged,,,
fullsend#8002,fullsend#7995,unjudged,,,
fullsend#8021,fullsend#7945,unjudged,,,
fullsend#8020,fullsend#7759,unjudged,,,
fullsend#8020,fullsend#7945,unjudged,,,
fullsend#8053,fullsend#8017,unjudged,,,
fullsend#8053,fullsend#8045,unjudged,,,
fullsend#8074,fullsend#7943,unjudged,,,
fullsend#8074,fullsend#7945,unjudged,,,
fullsend#8074,fullsend#7986,unjudged,,,
fullsend#8074,fullsend#7996,unjudged,,,
fullsend#8074,fullsend#8026,unjudged,,,
fullsend#8126,fullsend#8026,unjudged,,,
fullsend#8126,fullsend#8072,unjudged,,,
fullsend#8124,fullsend#7848,unjudged,,,
fullsend#8164,fullsend#8150,unjudged,,,
